mean_fit_time,std_fit_time,mean_score_time,std_score_time,param_Boost__base_estimator__alpha,param_Boost__n_estimators,params,split0_test_score,split1_test_score,split2_test_score,split3_test_score,split4_test_score,mean_test_score,std_test_score,rank_test_score,split0_train_score,split1_train_score,split2_train_score,split3_train_score,split4_train_score,mean_train_score,std_train_score
0.45351343154907225,0.012722964815609859,0.005990219116210937,9.34941366008565e-06,-1,1,"{'Boost__base_estimator__alpha': -1, 'Boost__n_estimators': 1}",0.7005494505494505,0.7802197802197802,0.771978021978022,0.739010989010989,0.75,0.7483516483516484,0.02810266341218556,94,0.9526098901098901,0.9539835164835165,0.9546703296703297,0.948489010989011,0.9532967032967034,0.9526098901098902,0.0021718939973684264
0.48252434730529786,0.017332759177771724,0.006586599349975586,0.001198050417350837,-1,2,"{'Boost__base_estimator__alpha': -1, 'Boost__n_estimators': 2}",0.7005494505494505,0.7802197802197802,0.771978021978022,0.739010989010989,0.75,0.7483516483516484,0.02810266341218556,94,0.9526098901098901,0.9539835164835165,0.9546703296703297,0.948489010989011,0.9532967032967034,0.9526098901098902,0.0021718939973684264
0.5195329189300537,0.023715202381593244,0.005986642837524414,7.470381175066428e-06,-1,5,"{'Boost__base_estimator__alpha': -1, 'Boost__n_estimators': 5}",0.7005494505494505,0.7802197802197802,0.771978021978022,0.739010989010989,0.75,0.7483516483516484,0.02810266341218556,94,0.9526098901098901,0.9539835164835165,0.9546703296703297,0.948489010989011,0.9532967032967034,0.9526098901098902,0.0021718939973684264
0.5191282749176025,0.025122481407048893,0.005990839004516602,8.295596217852495e-06,-1,10,"{'Boost__base_estimator__alpha': -1, 'Boost__n_estimators': 10}",0.7005494505494505,0.7802197802197802,0.771978021978022,0.739010989010989,0.75,0.7483516483516484,0.02810266341218556,94,0.9526098901098901,0.9539835164835165,0.9546703296703297,0.948489010989011,0.9532967032967034,0.9526098901098902,0.0021718939973684264
0.5525356292724609,0.0331016348286613,0.006194114685058594,0.0003952741615734426,-1,20,"{'Boost__base_estimator__alpha': -1, 'Boost__n_estimators': 20}",0.7005494505494505,0.7802197802197802,0.771978021978022,0.739010989010989,0.75,0.7483516483516484,0.02810266341218556,94,0.9526098901098901,0.9539835164835165,0.9546703296703297,0.948489010989011,0.9532967032967034,0.9526098901098902,0.0021718939973684264
0.532924222946167,0.029857696610603012,0.00639810562133789,0.000493313761962838,-1,30,"{'Boost__base_estimator__alpha': -1, 'Boost__n_estimators': 30}",0.7005494505494505,0.7802197802197802,0.771978021978022,0.739010989010989,0.75,0.7483516483516484,0.02810266341218556,94,0.9526098901098901,0.9539835164835165,0.9546703296703297,0.948489010989011,0.9532967032967034,0.9526098901098902,0.0021718939973684264
0.5243363857269288,0.02548836739407033,0.00698394775390625,0.002000474961066028,-1,45,"{'Boost__base_estimator__alpha': -1, 'Boost__n_estimators': 45}",0.7005494505494505,0.7802197802197802,0.771978021978022,0.739010989010989,0.75,0.7483516483516484,0.02810266341218556,94,0.9526098901098901,0.9539835164835165,0.9546703296703297,0.948489010989011,0.9532967032967034,0.9526098901098902,0.0021718939973684264
0.5335318565368652,0.03157456241955367,0.006190729141235351,0.00039671382624684593,-1,60,"{'Boost__base_estimator__alpha': -1, 'Boost__n_estimators': 60}",0.7005494505494505,0.7802197802197802,0.771978021978022,0.739010989010989,0.75,0.7483516483516484,0.02810266341218556,94,0.9526098901098901,0.9539835164835165,0.9546703296703297,0.948489010989011,0.9532967032967034,0.9526098901098902,0.0021718939973684264
0.5133267879486084,0.019141981410914246,0.006194305419921875,0.0003947839454483743,-1,80,"{'Boost__base_estimator__alpha': -1, 'Boost__n_estimators': 80}",0.7005494505494505,0.7802197802197802,0.771978021978022,0.739010989010989,0.75,0.7483516483516484,0.02810266341218556,94,0.9526098901098901,0.9539835164835165,0.9546703296703297,0.948489010989011,0.9532967032967034,0.9526098901098902,0.0021718939973684264
0.5249340057373046,0.01790976849161376,0.006187248229980469,0.0003981944713691753,-1,100,"{'Boost__base_estimator__alpha': -1, 'Boost__n_estimators': 100}",0.7005494505494505,0.7802197802197802,0.771978021978022,0.739010989010989,0.75,0.7483516483516484,0.02810266341218556,94,0.9526098901098901,0.9539835164835165,0.9546703296703297,0.948489010989011,0.9532967032967034,0.9526098901098902,0.0021718939973684264
0.48471713066101074,0.021958768549668065,0.0059947967529296875,8.150986931931151e-06,-0.001,1,"{'Boost__base_estimator__alpha': -0.001, 'Boost__n_estimators': 1}",0.728021978021978,0.7857142857142857,0.7939560439560439,0.7472527472527473,0.8021978021978022,0.7714285714285715,0.028729486730552475,46,0.9120879120879121,0.9251373626373627,0.9244505494505495,0.9168956043956044,0.904532967032967,0.916620879120879,0.007753387797620945
0.5475278377532959,0.012211431565523217,0.0062007904052734375,0.0004003270451471672,-0.001,2,"{'Boost__base_estimator__alpha': -0.001, 'Boost__n_estimators': 2}",0.728021978021978,0.7857142857142857,0.7939560439560439,0.7472527472527473,0.8021978021978022,0.7714285714285715,0.028729486730552475,46,0.9120879120879121,0.9251373626373627,0.9244505494505495,0.9168956043956044,0.904532967032967,0.916620879120879,0.007753387797620945
0.7889896869659424,0.031824379177860504,0.006193780899047851,0.00040357373106004795,-0.001,5,"{'Boost__base_estimator__alpha': -0.001, 'Boost__n_estimators': 5}",0.7582417582417582,0.8159340659340659,0.8406593406593407,0.771978021978022,0.804945054945055,0.7983516483516484,0.029822564274971236,1,0.9663461538461539,0.9697802197802198,0.9718406593406593,0.9718406593406593,0.9629120879120879,0.968543956043956,0.0034587028329709137
0.9774353981018067,0.14650631677548542,0.006787157058715821,0.0004019672929514015,-0.001,10,"{'Boost__base_estimator__alpha': -0.001, 'Boost__n_estimators': 10}",0.7582417582417582,0.8159340659340659,0.8434065934065934,0.7747252747252747,0.7967032967032966,0.7978021978021979,0.030024343060031326,4,0.9663461538461539,0.9697802197802198,0.9718406593406593,0.9718406593406593,0.9745879120879121,0.9708791208791208,0.002733481970073122
1.0064424991607666,0.22319524652590153,0.006390094757080078,0.0004920119622369249,-0.001,20,"{'Boost__base_estimator__alpha': -0.001, 'Boost__n_estimators': 20}",0.7582417582417582,0.8159340659340659,0.8434065934065934,0.7747252747252747,0.7939560439560439,0.7972527472527473,0.030064536308361436,7,0.9663461538461539,0.9697802197802198,0.9718406593406593,0.9718406593406593,0.9752747252747253,0.9710164835164834,0.002926823592398687
0.9994375705718994,0.20836584155583673,0.0071906566619873045,0.0003964755278690183,-0.001,30,"{'Boost__base_estimator__alpha': -0.001, 'Boost__n_estimators': 30}",0.7582417582417582,0.8159340659340659,0.8434065934065934,0.7747252747252747,0.7939560439560439,0.7972527472527473,0.030064536308361436,7,0.9663461538461539,0.9697802197802198,0.9718406593406593,0.9718406593406593,0.9752747252747253,0.9710164835164834,0.002926823592398687
0.9984348297119141,0.194418108957191,0.006793403625488281,0.0003980657502518406,-0.001,45,"{'Boost__base_estimator__alpha': -0.001, 'Boost__n_estimators': 45}",0.7582417582417582,0.8159340659340659,0.8434065934065934,0.7747252747252747,0.7939560439560439,0.7972527472527473,0.030064536308361436,7,0.9663461538461539,0.9697802197802198,0.9718406593406593,0.9718406593406593,0.9752747252747253,0.9710164835164834,0.002926823592398687
0.9850301265716552,0.1889071059296937,0.006794118881225586,0.00040531782818641293,-0.001,60,"{'Boost__base_estimator__alpha': -0.001, 'Boost__n_estimators': 60}",0.7582417582417582,0.8159340659340659,0.8434065934065934,0.7747252747252747,0.7939560439560439,0.7972527472527473,0.030064536308361436,7,0.9663461538461539,0.9697802197802198,0.9718406593406593,0.9718406593406593,0.9752747252747253,0.9710164835164834,0.002926823592398687
1.0030398845672608,0.19763330811205992,0.00658869743347168,0.0004942945363791338,-0.001,80,"{'Boost__base_estimator__alpha': -0.001, 'Boost__n_estimators': 80}",0.7582417582417582,0.8159340659340659,0.8434065934065934,0.7747252747252747,0.7939560439560439,0.7972527472527473,0.030064536308361436,7,0.9663461538461539,0.9697802197802198,0.9718406593406593,0.9718406593406593,0.9752747252747253,0.9710164835164834,0.002926823592398687
0.9970370769500733,0.20631598483588295,0.006190443038940429,0.00039650033615296727,-0.001,100,"{'Boost__base_estimator__alpha': -0.001, 'Boost__n_estimators': 100}",0.7582417582417582,0.8159340659340659,0.8434065934065934,0.7747252747252747,0.7939560439560439,0.7972527472527473,0.030064536308361436,7,0.9663461538461539,0.9697802197802198,0.9718406593406593,0.9718406593406593,0.9752747252747253,0.9710164835164834,0.002926823592398687
0.48071651458740233,0.013633192169889188,0.007594537734985351,0.0027231444377710623,-0.00031622776601683794,1,"{'Boost__base_estimator__alpha': -0.00031622776601683794, 'Boost__n_estimators': 1}",0.728021978021978,0.7857142857142857,0.7939560439560439,0.7472527472527473,0.8021978021978022,0.7714285714285715,0.028729486730552475,46,0.9120879120879121,0.9251373626373627,0.9244505494505495,0.9168956043956044,0.904532967032967,0.916620879120879,0.007753387797620945
0.549931526184082,0.01557558362303683,0.005794239044189453,0.0004054635380154883,-0.00031622776601683794,2,"{'Boost__base_estimator__alpha': -0.00031622776601683794, 'Boost__n_estimators': 2}",0.728021978021978,0.7857142857142857,0.7939560439560439,0.7472527472527473,0.8021978021978022,0.7714285714285715,0.028729486730552475,46,0.9120879120879121,0.9251373626373627,0.9244505494505495,0.9168956043956044,0.904532967032967,0.916620879120879,0.007753387797620945
0.782988166809082,0.03796084171814669,0.006190872192382813,0.00040555348190170063,-0.00031622776601683794,5,"{'Boost__base_estimator__alpha': -0.00031622776601683794, 'Boost__n_estimators': 5}",0.7582417582417582,0.8159340659340659,0.8406593406593407,0.771978021978022,0.804945054945055,0.7983516483516484,0.029822564274971236,1,0.9663461538461539,0.9697802197802198,0.9718406593406593,0.9718406593406593,0.9629120879120879,0.968543956043956,0.0034587028329709137
0.9766327857971191,0.1242591325027449,0.006790018081665039,0.00040319184648440287,-0.00031622776601683794,10,"{'Boost__base_estimator__alpha': -0.00031622776601683794, 'Boost__n_estimators': 10}",0.7582417582417582,0.8159340659340659,0.8434065934065934,0.7747252747252747,0.7967032967032966,0.7978021978021979,0.030024343060031326,4,0.9663461538461539,0.9697802197802198,0.9718406593406593,0.9718406593406593,0.9745879120879121,0.9708791208791208,0.002733481970073122
1.0050347805023194,0.19762964862663893,0.006393861770629883,0.0007951810766217321,-0.00031622776601683794,20,"{'Boost__base_estimator__alpha': -0.00031622776601683794, 'Boost__n_estimators': 20}",0.7582417582417582,0.8159340659340659,0.8434065934065934,0.7747252747252747,0.7939560439560439,0.7972527472527473,0.030064536308361436,7,0.9663461538461539,0.9697802197802198,0.9718406593406593,0.9718406593406593,0.9752747252747253,0.9710164835164834,0.002926823592398687
0.9964364528656006,0.20597034350992005,0.006590938568115235,0.0004887734061841032,-0.00031622776601683794,30,"{'Boost__base_estimator__alpha': -0.00031622776601683794, 'Boost__n_estimators': 30}",0.7582417582417582,0.8159340659340659,0.8434065934065934,0.7747252747252747,0.7939560439560439,0.7972527472527473,0.030064536308361436,7,0.9663461538461539,0.9697802197802198,0.9718406593406593,0.9718406593406593,0.9752747252747253,0.9710164835164834,0.002926823592398687
0.9860408306121826,0.21856322013528356,0.006383752822875977,0.0004899015216843688,-0.00031622776601683794,45,"{'Boost__base_estimator__alpha': -0.00031622776601683794, 'Boost__n_estimators': 45}",0.7582417582417582,0.8159340659340659,0.8434065934065934,0.7747252747252747,0.7939560439560439,0.7972527472527473,0.030064536308361436,7,0.9663461538461539,0.9697802197802198,0.9718406593406593,0.9718406593406593,0.9752747252747253,0.9710164835164834,0.002926823592398687
0.9896352767944336,0.20978012510530333,0.006590032577514648,0.0004953885906832574,-0.00031622776601683794,60,"{'Boost__base_estimator__alpha': -0.00031622776601683794, 'Boost__n_estimators': 60}",0.7582417582417582,0.8159340659340659,0.8434065934065934,0.7747252747252747,0.7939560439560439,0.7972527472527473,0.030064536308361436,7,0.9663461538461539,0.9697802197802198,0.9718406593406593,0.9718406593406593,0.9752747252747253,0.9710164835164834,0.002926823592398687
1.0056386947631837,0.20500337497934715,0.006990623474121094,0.0011026944948843102,-0.00031622776601683794,80,"{'Boost__base_estimator__alpha': -0.00031622776601683794, 'Boost__n_estimators': 80}",0.7582417582417582,0.8159340659340659,0.8434065934065934,0.7747252747252747,0.7939560439560439,0.7972527472527473,0.030064536308361436,7,0.9663461538461539,0.9697802197802198,0.9718406593406593,0.9718406593406593,0.9752747252747253,0.9710164835164834,0.002926823592398687
1.0118395805358886,0.2079722938515742,0.006392955780029297,0.0004900473593425672,-0.00031622776601683794,100,"{'Boost__base_estimator__alpha': -0.00031622776601683794, 'Boost__n_estimators': 100}",0.7582417582417582,0.8159340659340659,0.8434065934065934,0.7747252747252747,0.7939560439560439,0.7972527472527473,0.030064536308361436,7,0.9663461538461539,0.9697802197802198,0.9718406593406593,0.9718406593406593,0.9752747252747253,0.9710164835164834,0.002926823592398687
0.4927228927612305,0.015259154472297086,0.007192850112915039,0.0014775873441867464,-0.01,1,"{'Boost__base_estimator__alpha': -0.01, 'Boost__n_estimators': 1}",0.7225274725274725,0.7994505494505495,0.782967032967033,0.7445054945054945,0.7637362637362637,0.7626373626373626,0.027229696029371146,81,0.926510989010989,0.9196428571428571,0.9498626373626373,0.9409340659340659,0.929945054945055,0.9333791208791208,0.010737155080144388
0.5323320388793945,0.009461164217461702,0.005989980697631836,9.0428241515803e-06,-0.01,2,"{'Boost__base_estimator__alpha': -0.01, 'Boost__n_estimators': 2}",0.7225274725274725,0.7994505494505495,0.782967032967033,0.7445054945054945,0.7637362637362637,0.7626373626373626,0.027229696029371146,81,0.926510989010989,0.9196428571428571,0.9498626373626373,0.9409340659340659,0.929945054945055,0.9333791208791208,0.010737155080144388
0.7435798168182373,0.02962693298831907,0.006790590286254883,0.0011645654072570321,-0.01,5,"{'Boost__base_estimator__alpha': -0.01, 'Boost__n_estimators': 5}",0.7747252747252747,0.8296703296703297,0.7884615384615384,0.7445054945054945,0.7637362637362637,0.7802197802197802,0.028603110076528302,30,0.9608516483516484,0.9642857142857143,0.9553571428571429,0.9409340659340659,0.929945054945055,0.9502747252747252,0.01291939236926099
0.8285986900329589,0.030559085173276403,0.006394147872924805,0.0004888866999674524,-0.01,10,"{'Boost__base_estimator__alpha': -0.01, 'Boost__n_estimators': 10}",0.7747252747252747,0.8296703296703297,0.7884615384615384,0.7445054945054945,0.7637362637362637,0.7802197802197802,0.028603110076528302,30,0.9608516483516484,0.9642857142857143,0.9553571428571429,0.9409340659340659,0.929945054945055,0.9502747252747252,0.01291939236926099
0.8273982048034668,0.0317321852903577,0.007590627670288086,0.0022405304632067153,-0.01,20,"{'Boost__base_estimator__alpha': -0.01, 'Boost__n_estimators': 20}",0.7747252747252747,0.8296703296703297,0.7884615384615384,0.7445054945054945,0.7637362637362637,0.7802197802197802,0.028603110076528302,30,0.9608516483516484,0.9642857142857143,0.9553571428571429,0.9409340659340659,0.929945054945055,0.9502747252747252,0.01291939236926099
0.8249983310699462,0.04643526465054643,0.010791015625,0.00566586805431775,-0.01,30,"{'Boost__base_estimator__alpha': -0.01, 'Boost__n_estimators': 30}",0.7747252747252747,0.8296703296703297,0.7884615384615384,0.7445054945054945,0.7637362637362637,0.7802197802197802,0.028603110076528302,30,0.9608516483516484,0.9642857142857143,0.9553571428571429,0.9409340659340659,0.929945054945055,0.9502747252747252,0.01291939236926099
0.8253948211669921,0.03714986855519524,0.006193780899047851,0.0004040136479991833,-0.01,45,"{'Boost__base_estimator__alpha': -0.01, 'Boost__n_estimators': 45}",0.7747252747252747,0.8296703296703297,0.7884615384615384,0.7445054945054945,0.7637362637362637,0.7802197802197802,0.028603110076528302,30,0.9608516483516484,0.9642857142857143,0.9553571428571429,0.9409340659340659,0.929945054945055,0.9502747252747252,0.01291939236926099
0.8228008270263671,0.028632574692409478,0.006186580657958985,0.000398895775557385,-0.01,60,"{'Boost__base_estimator__alpha': -0.01, 'Boost__n_estimators': 60}",0.7747252747252747,0.8296703296703297,0.7884615384615384,0.7445054945054945,0.7637362637362637,0.7802197802197802,0.028603110076528302,30,0.9608516483516484,0.9642857142857143,0.9553571428571429,0.9409340659340659,0.929945054945055,0.9502747252747252,0.01291939236926099
0.8229948043823242,0.03569370637888099,0.006193017959594727,0.0003950153555136557,-0.01,80,"{'Boost__base_estimator__alpha': -0.01, 'Boost__n_estimators': 80}",0.7747252747252747,0.8296703296703297,0.7884615384615384,0.7445054945054945,0.7637362637362637,0.7802197802197802,0.028603110076528302,30,0.9608516483516484,0.9642857142857143,0.9553571428571429,0.9409340659340659,0.929945054945055,0.9502747252747252,0.01291939236926099
0.8277987480163574,0.04908560873435101,0.009388875961303712,0.0029399241001646834,-0.01,100,"{'Boost__base_estimator__alpha': -0.01, 'Boost__n_estimators': 100}",0.7747252747252747,0.8296703296703297,0.7884615384615384,0.7445054945054945,0.7637362637362637,0.7802197802197802,0.028603110076528302,30,0.9608516483516484,0.9642857142857143,0.9553571428571429,0.9409340659340659,0.929945054945055,0.9502747252747252,0.01291939236926099
0.48532748222351074,0.014651378185700241,0.005983686447143555,3.8738433859996607e-07,-0.0031622776601683794,1,"{'Boost__base_estimator__alpha': -0.0031622776601683794, 'Boost__n_estimators': 1}",0.728021978021978,0.7857142857142857,0.7939560439560439,0.7472527472527473,0.8021978021978022,0.7714285714285715,0.028729486730552475,46,0.9120879120879121,0.9251373626373627,0.9244505494505495,0.9168956043956044,0.904532967032967,0.916620879120879,0.007753387797620945
0.5493358135223388,0.015674025921725017,0.00619359016418457,0.00039515795947653125,-0.0031622776601683794,2,"{'Boost__base_estimator__alpha': -0.0031622776601683794, 'Boost__n_estimators': 2}",0.728021978021978,0.7857142857142857,0.7939560439560439,0.7472527472527473,0.8021978021978022,0.7714285714285715,0.028729486730552475,46,0.9120879120879121,0.9251373626373627,0.9244505494505495,0.9168956043956044,0.904532967032967,0.916620879120879,0.007753387797620945
0.7835848331451416,0.01796081906652853,0.005993890762329102,9.444987444321864e-06,-0.0031622776601683794,5,"{'Boost__base_estimator__alpha': -0.0031622776601683794, 'Boost__n_estimators': 5}",0.7582417582417582,0.8159340659340659,0.8406593406593407,0.771978021978022,0.804945054945055,0.7983516483516484,0.029822564274971236,1,0.9663461538461539,0.9697802197802198,0.9718406593406593,0.9718406593406593,0.9629120879120879,0.968543956043956,0.0034587028329709137
0.9466232299804688,0.13294982882891898,0.006592845916748047,0.00048590610952446614,-0.0031622776601683794,10,"{'Boost__base_estimator__alpha': -0.0031622776601683794, 'Boost__n_estimators': 10}",0.7582417582417582,0.8159340659340659,0.8434065934065934,0.7747252747252747,0.7967032967032966,0.7978021978021979,0.030024343060031326,4,0.9663461538461539,0.9697802197802198,0.9718406593406593,0.9718406593406593,0.9745879120879121,0.9708791208791208,0.002733481970073122
1.0060389995574952,0.196919085551607,0.006390428543090821,0.0004921192017686598,-0.0031622776601683794,20,"{'Boost__base_estimator__alpha': -0.0031622776601683794, 'Boost__n_estimators': 20}",0.7582417582417582,0.8159340659340659,0.8434065934065934,0.7747252747252747,0.7939560439560439,0.7972527472527473,0.030064536308361436,7,0.9663461538461539,0.9697802197802198,0.9718406593406593,0.9718406593406593,0.9752747252747253,0.9710164835164834,0.002926823592398687
0.9918281555175781,0.2120026799032504,0.0063975811004638675,0.0004923804333172845,-0.0031622776601683794,30,"{'Boost__base_estimator__alpha': -0.0031622776601683794, 'Boost__n_estimators': 30}",0.7582417582417582,0.8159340659340659,0.8434065934065934,0.7747252747252747,0.7939560439560439,0.7972527472527473,0.030064536308361436,7,0.9663461538461539,0.9697802197802198,0.9718406593406593,0.9718406593406593,0.9752747252747253,0.9710164835164834,0.002926823592398687
0.9930407047271729,0.20391843477855445,0.006385898590087891,0.0004878129100712043,-0.0031622776601683794,45,"{'Boost__base_estimator__alpha': -0.0031622776601683794, 'Boost__n_estimators': 45}",0.7582417582417582,0.8159340659340659,0.8434065934065934,0.7747252747252747,0.7939560439560439,0.7972527472527473,0.030064536308361436,7,0.9663461538461539,0.9697802197802198,0.9718406593406593,0.9718406593406593,0.9752747252747253,0.9710164835164834,0.002926823592398687
0.9884345054626464,0.2049669557431348,0.0069942474365234375,0.0006380248317040256,-0.0031622776601683794,60,"{'Boost__base_estimator__alpha': -0.0031622776601683794, 'Boost__n_estimators': 60}",0.7582417582417582,0.8159340659340659,0.8434065934065934,0.7747252747252747,0.7939560439560439,0.7972527472527473,0.030064536308361436,7,0.9663461538461539,0.9697802197802198,0.9718406593406593,0.9718406593406593,0.9752747252747253,0.9710164835164834,0.002926823592398687
0.9918358802795411,0.2087915385379246,0.00799093246459961,0.0030397917186897345,-0.0031622776601683794,80,"{'Boost__base_estimator__alpha': -0.0031622776601683794, 'Boost__n_estimators': 80}",0.7582417582417582,0.8159340659340659,0.8434065934065934,0.7747252747252747,0.7939560439560439,0.7972527472527473,0.030064536308361436,7,0.9663461538461539,0.9697802197802198,0.9718406593406593,0.9718406593406593,0.9752747252747253,0.9710164835164834,0.002926823592398687
0.9812361240386963,0.19227569193536018,0.006590747833251953,0.0004888100154552126,-0.0031622776601683794,100,"{'Boost__base_estimator__alpha': -0.0031622776601683794, 'Boost__n_estimators': 100}",0.7582417582417582,0.8159340659340659,0.8434065934065934,0.7747252747252747,0.7939560439560439,0.7972527472527473,0.030064536308361436,7,0.9663461538461539,0.9697802197802198,0.9718406593406593,0.9718406593406593,0.9752747252747253,0.9710164835164834,0.002926823592398687
0.49732394218444825,0.01703266842855878,0.005992746353149414,0.0006362817305276262,-0.1,1,"{'Boost__base_estimator__alpha': -0.1, 'Boost__n_estimators': 1}",0.7005494505494505,0.7802197802197802,0.771978021978022,0.739010989010989,0.75,0.7483516483516484,0.02810266341218556,94,0.9526098901098901,0.9539835164835165,0.9546703296703297,0.948489010989011,0.9532967032967034,0.9526098901098902,0.0021718939973684264
0.5571268558502197,0.023670579356476006,0.007801580429077149,0.0026391288418115733,-0.1,2,"{'Boost__base_estimator__alpha': -0.1, 'Boost__n_estimators': 2}",0.7005494505494505,0.7802197802197802,0.771978021978022,0.739010989010989,0.75,0.7483516483516484,0.02810266341218556,94,0.9526098901098901,0.9539835164835165,0.9546703296703297,0.948489010989011,0.9532967032967034,0.9526098901098902,0.0021718939973684264
0.6461575031280518,0.04285852614324458,0.005990266799926758,8.297514623320085e-06,-0.1,5,"{'Boost__base_estimator__alpha': -0.1, 'Boost__n_estimators': 5}",0.7005494505494505,0.7802197802197802,0.771978021978022,0.739010989010989,0.75,0.7483516483516484,0.02810266341218556,94,0.9526098901098901,0.9539835164835165,0.9546703296703297,0.948489010989011,0.9532967032967034,0.9526098901098902,0.0021718939973684264
0.6577642917633056,0.04575101288213397,0.007590532302856445,0.002742669291295841,-0.1,10,"{'Boost__base_estimator__alpha': -0.1, 'Boost__n_estimators': 10}",0.7005494505494505,0.7802197802197802,0.771978021978022,0.739010989010989,0.75,0.7483516483516484,0.02810266341218556,94,0.9526098901098901,0.9539835164835165,0.9546703296703297,0.948489010989011,0.9532967032967034,0.9526098901098902,0.0021718939973684264
0.6519656181335449,0.03530885386783445,0.007583761215209961,0.002728477063483639,-0.1,20,"{'Boost__base_estimator__alpha': -0.1, 'Boost__n_estimators': 20}",0.7005494505494505,0.7802197802197802,0.771978021978022,0.739010989010989,0.75,0.7483516483516484,0.02810266341218556,94,0.9526098901098901,0.9539835164835165,0.9546703296703297,0.948489010989011,0.9532967032967034,0.9526098901098902,0.0021718939973684264
0.6475550174713135,0.03555341880786894,0.006596803665161133,0.0004861991231701033,-0.1,30,"{'Boost__base_estimator__alpha': -0.1, 'Boost__n_estimators': 30}",0.7005494505494505,0.7802197802197802,0.771978021978022,0.739010989010989,0.75,0.7483516483516484,0.02810266341218556,94,0.9526098901098901,0.9539835164835165,0.9546703296703297,0.948489010989011,0.9532967032967034,0.9526098901098902,0.0021718939973684264
0.6585559844970703,0.045539368439803905,0.006193351745605469,0.00039418892064097563,-0.1,45,"{'Boost__base_estimator__alpha': -0.1, 'Boost__n_estimators': 45}",0.7005494505494505,0.7802197802197802,0.771978021978022,0.739010989010989,0.75,0.7483516483516484,0.02810266341218556,94,0.9526098901098901,0.9539835164835165,0.9546703296703297,0.948489010989011,0.9532967032967034,0.9526098901098902,0.0021718939973684264
0.6579602718353271,0.03210300266453093,0.0065901756286621095,0.0007997905149327829,-0.1,60,"{'Boost__base_estimator__alpha': -0.1, 'Boost__n_estimators': 60}",0.7005494505494505,0.7802197802197802,0.771978021978022,0.739010989010989,0.75,0.7483516483516484,0.02810266341218556,94,0.9526098901098901,0.9539835164835165,0.9546703296703297,0.948489010989011,0.9532967032967034,0.9526098901098902,0.0021718939973684264
0.6493614196777344,0.042680357997315836,0.0089874267578125,0.00599992613721174,-0.1,80,"{'Boost__base_estimator__alpha': -0.1, 'Boost__n_estimators': 80}",0.7005494505494505,0.7802197802197802,0.771978021978022,0.739010989010989,0.75,0.7483516483516484,0.02810266341218556,94,0.9526098901098901,0.9539835164835165,0.9546703296703297,0.948489010989011,0.9532967032967034,0.9526098901098902,0.0021718939973684264
0.6455585956573486,0.05682825265438107,0.005992603302001953,0.0006257531756100006,-0.1,100,"{'Boost__base_estimator__alpha': -0.1, 'Boost__n_estimators': 100}",0.7005494505494505,0.7802197802197802,0.771978021978022,0.739010989010989,0.75,0.7483516483516484,0.02810266341218556,94,0.9526098901098901,0.9539835164835165,0.9546703296703297,0.948489010989011,0.9532967032967034,0.9526098901098902,0.0021718939973684264
0.48792257308959963,0.014939860425653217,0.006389999389648437,0.0008031890811713044,-0.0316227766016838,1,"{'Boost__base_estimator__alpha': -0.0316227766016838, 'Boost__n_estimators': 1}",0.7005494505494505,0.7802197802197802,0.771978021978022,0.739010989010989,0.75,0.7483516483516484,0.02810266341218556,94,0.9526098901098901,0.9539835164835165,0.9546703296703297,0.948489010989011,0.9532967032967034,0.9526098901098902,0.0021718939973684264
0.5403395652770996,0.01675336155004426,0.008589076995849609,0.0031993520638917443,-0.0316227766016838,2,"{'Boost__base_estimator__alpha': -0.0316227766016838, 'Boost__n_estimators': 2}",0.7005494505494505,0.7802197802197802,0.771978021978022,0.739010989010989,0.75,0.7483516483516484,0.02810266341218556,94,0.9526098901098901,0.9539835164835165,0.9546703296703297,0.948489010989011,0.9532967032967034,0.9526098901098902,0.0021718939973684264
0.6661642074584961,0.03360171011565361,0.006788825988769532,0.0007521165752719656,-0.0316227766016838,5,"{'Boost__base_estimator__alpha': -0.0316227766016838, 'Boost__n_estimators': 5}",0.7005494505494505,0.7802197802197802,0.771978021978022,0.739010989010989,0.75,0.7483516483516484,0.02810266341218556,94,0.9526098901098901,0.9539835164835165,0.9546703296703297,0.948489010989011,0.9532967032967034,0.9526098901098902,0.0021718939973684264
0.6541588306427002,0.03545480702313006,0.006194305419921875,0.00040338195464193453,-0.0316227766016838,10,"{'Boost__base_estimator__alpha': -0.0316227766016838, 'Boost__n_estimators': 10}",0.7005494505494505,0.7802197802197802,0.771978021978022,0.739010989010989,0.75,0.7483516483516484,0.02810266341218556,94,0.9526098901098901,0.9539835164835165,0.9546703296703297,0.948489010989011,0.9532967032967034,0.9526098901098902,0.0021718939973684264
0.6535677433013916,0.044336274260809994,0.0063823223114013675,0.0004983751469546531,-0.0316227766016838,20,"{'Boost__base_estimator__alpha': -0.0316227766016838, 'Boost__n_estimators': 20}",0.7005494505494505,0.7802197802197802,0.771978021978022,0.739010989010989,0.75,0.7483516483516484,0.02810266341218556,94,0.9526098901098901,0.9539835164835165,0.9546703296703297,0.948489010989011,0.9532967032967034,0.9526098901098902,0.0021718939973684264
0.654364824295044,0.045498050483544,0.006583690643310547,0.0008001327940903335,-0.0316227766016838,30,"{'Boost__base_estimator__alpha': -0.0316227766016838, 'Boost__n_estimators': 30}",0.7005494505494505,0.7802197802197802,0.771978021978022,0.739010989010989,0.75,0.7483516483516484,0.02810266341218556,94,0.9526098901098901,0.9539835164835165,0.9546703296703297,0.948489010989011,0.9532967032967034,0.9526098901098902,0.0021718939973684264
0.6535627365112304,0.04840490639651498,0.006186819076538086,0.00039852703812971653,-0.0316227766016838,45,"{'Boost__base_estimator__alpha': -0.0316227766016838, 'Boost__n_estimators': 45}",0.7005494505494505,0.7802197802197802,0.771978021978022,0.739010989010989,0.75,0.7483516483516484,0.02810266341218556,94,0.9526098901098901,0.9539835164835165,0.9546703296703297,0.948489010989011,0.9532967032967034,0.9526098901098902,0.0021718939973684264
0.6517624855041504,0.04990325602648059,0.006387090682983399,0.0004946049272511993,-0.0316227766016838,60,"{'Boost__base_estimator__alpha': -0.0316227766016838, 'Boost__n_estimators': 60}",0.7005494505494505,0.7802197802197802,0.771978021978022,0.739010989010989,0.75,0.7483516483516484,0.02810266341218556,94,0.9526098901098901,0.9539835164835165,0.9546703296703297,0.948489010989011,0.9532967032967034,0.9526098901098902,0.0021718939973684264
0.651365089416504,0.05758873984595936,0.0077839851379394535,0.0026386985030214796,-0.0316227766016838,80,"{'Boost__base_estimator__alpha': -0.0316227766016838, 'Boost__n_estimators': 80}",0.7005494505494505,0.7802197802197802,0.771978021978022,0.739010989010989,0.75,0.7483516483516484,0.02810266341218556,94,0.9526098901098901,0.9539835164835165,0.9546703296703297,0.948489010989011,0.9532967032967034,0.9526098901098902,0.0021718939973684264
0.6577664852142334,0.03605039195354497,0.006187152862548828,0.0003984826993782881,-0.0316227766016838,100,"{'Boost__base_estimator__alpha': -0.0316227766016838, 'Boost__n_estimators': 100}",0.7005494505494505,0.7802197802197802,0.771978021978022,0.739010989010989,0.75,0.7483516483516484,0.02810266341218556,94,0.9526098901098901,0.9539835164835165,0.9546703296703297,0.948489010989011,0.9532967032967034,0.9526098901098902,0.0021718939973684264
0.49172172546386717,0.02468717093675886,0.005989980697631836,0.0006322382496028719,0,1,"{'Boost__base_estimator__alpha': 0, 'Boost__n_estimators': 1}",0.7472527472527473,0.7912087912087912,0.7994505494505495,0.75,0.7857142857142857,0.7747252747252747,0.0217710030287461,38,0.875,0.8653846153846154,0.8646978021978022,0.8619505494505495,0.8605769230769231,0.8655219780219781,0.005054497113454405
0.5807301521301269,0.027341854747926546,0.006201982498168945,0.0004020930573525169,0,2,"{'Boost__base_estimator__alpha': 0, 'Boost__n_estimators': 2}",0.7472527472527473,0.7912087912087912,0.7994505494505495,0.75,0.7857142857142857,0.7747252747252747,0.0217710030287461,38,0.875,0.8653846153846154,0.8646978021978022,0.8619505494505495,0.8605769230769231,0.8655219780219781,0.005054497113454405
0.8329894542694092,0.02572262123096387,0.006400489807128906,0.0004907385222087651,0,5,"{'Boost__base_estimator__alpha': 0, 'Boost__n_estimators': 5}",0.7527472527472527,0.771978021978022,0.7445054945054945,0.7774725274725275,0.739010989010989,0.7571428571428571,0.015107392400953318,84,0.9642857142857143,0.9539835164835165,0.9711538461538461,0.9690934065934066,0.959478021978022,0.9635989010989011,0.006279741456407923
1.1716704845428467,0.1423846873023433,0.006800508499145508,0.00040073028805172345,0,10,"{'Boost__base_estimator__alpha': 0, 'Boost__n_estimators': 10}",0.7445054945054945,0.7857142857142857,0.771978021978022,0.7774725274725275,0.739010989010989,0.7637362637362637,0.018551585732015517,77,0.9656593406593407,0.9629120879120879,0.9773351648351648,0.9684065934065934,0.9725274725274725,0.969368131868132,0.005095394777744874
1.3179027080535888,0.3162016767807348,0.006597137451171875,0.0004867806930667093,0,20,"{'Boost__base_estimator__alpha': 0, 'Boost__n_estimators': 20}",0.7692307692307693,0.7857142857142857,0.771978021978022,0.7774725274725275,0.739010989010989,0.7686813186813187,0.015867614371641362,52,0.9677197802197802,0.9629120879120879,0.9773351648351648,0.9684065934065934,0.9725274725274725,0.9697802197802197,0.004856502618039458
1.2767004013061523,0.28799536138016824,0.006990861892700195,0.0006385523352420613,0,30,"{'Boost__base_estimator__alpha': 0, 'Boost__n_estimators': 30}",0.7692307692307693,0.7857142857142857,0.771978021978022,0.7774725274725275,0.739010989010989,0.7686813186813187,0.015867614371641362,52,0.9677197802197802,0.9629120879120879,0.9773351648351648,0.9684065934065934,0.9725274725274725,0.9697802197802197,0.004856502618039458
1.2860901832580567,0.2904919954890929,0.007001256942749024,0.0006324857400843058,0,45,"{'Boost__base_estimator__alpha': 0, 'Boost__n_estimators': 45}",0.7692307692307693,0.7857142857142857,0.771978021978022,0.7774725274725275,0.739010989010989,0.7686813186813187,0.015867614371641362,52,0.9677197802197802,0.9629120879120879,0.9773351648351648,0.9684065934065934,0.9725274725274725,0.9697802197802197,0.004856502618039458
1.2933007717132567,0.30821962103366546,0.006594228744506836,0.00048461789673302086,0,60,"{'Boost__base_estimator__alpha': 0, 'Boost__n_estimators': 60}",0.7692307692307693,0.7857142857142857,0.771978021978022,0.7774725274725275,0.739010989010989,0.7686813186813187,0.015867614371641362,52,0.9677197802197802,0.9629120879120879,0.9773351648351648,0.9684065934065934,0.9725274725274725,0.9697802197802197,0.004856502618039458
1.296497106552124,0.3074074439905627,0.006798315048217774,0.0003981354814979825,0,80,"{'Boost__base_estimator__alpha': 0, 'Boost__n_estimators': 80}",0.7692307692307693,0.7857142857142857,0.771978021978022,0.7774725274725275,0.739010989010989,0.7686813186813187,0.015867614371641362,52,0.9677197802197802,0.9629120879120879,0.9773351648351648,0.9684065934065934,0.9725274725274725,0.9697802197802197,0.004856502618039458
1.2812980651855468,0.29051654377962965,0.006794071197509766,0.0003963758489828891,0,100,"{'Boost__base_estimator__alpha': 0, 'Boost__n_estimators': 100}",0.7692307692307693,0.7857142857142857,0.771978021978022,0.7774725274725275,0.739010989010989,0.7686813186813187,0.015867614371641362,52,0.9677197802197802,0.9629120879120879,0.9773351648351648,0.9684065934065934,0.9725274725274725,0.9697802197802197,0.004856502618039458
0.4705249309539795,0.004588715868951915,0.006383275985717774,0.001855139867175302,0.0316227766016838,1,"{'Boost__base_estimator__alpha': 0.0316227766016838, 'Boost__n_estimators': 1}",0.6401098901098901,0.6318681318681318,0.75,0.6428571428571429,0.695054945054945,0.671978021978022,0.044927452959911275,130,0.6490384615384616,0.6792582417582418,0.7239010989010989,0.7211538461538461,0.7032967032967034,0.6953296703296704,0.028099306146543174
0.5471386909484863,0.011297049513776566,0.007187318801879883,0.002399000547878927,0.0316227766016838,2,"{'Boost__base_estimator__alpha': 0.0316227766016838, 'Boost__n_estimators': 2}",0.6895604395604396,0.6758241758241759,0.75,0.7225274725274725,0.6648351648351648,0.7005494505494505,0.03141973286922153,129,0.7190934065934066,0.6971153846153846,0.7239010989010989,0.757554945054945,0.7259615384615384,0.7247252747252746,0.019359849370821833
0.7645833969116211,0.01846714756102317,0.005991601943969726,8.528056274865465e-06,0.0316227766016838,5,"{'Boost__base_estimator__alpha': 0.0316227766016838, 'Boost__n_estimators': 5}",0.7637362637362637,0.717032967032967,0.7362637362637363,0.7527472527472527,0.717032967032967,0.7373626373626374,0.01876194624061962,127,0.8228021978021978,0.7877747252747253,0.7973901098901099,0.8289835164835165,0.8173076923076923,0.8108516483516484,0.015665364177915298
1.137665367126465,0.11672124280365183,0.006594181060791016,0.0004916014885542401,0.0316227766016838,10,"{'Boost__base_estimator__alpha': 0.0316227766016838, 'Boost__n_estimators': 10}",0.7637362637362637,0.7335164835164835,0.771978021978022,0.7252747252747253,0.7115384615384616,0.7412087912087912,0.023011419331177937,124,0.8228021978021978,0.8516483516483516,0.8598901098901099,0.8715659340659341,0.8612637362637363,0.8534340659340659,0.016572561683357908
1.7376102924346923,0.4139504931669197,0.006984233856201172,3.2794473388766095e-06,0.0316227766016838,20,"{'Boost__base_estimator__alpha': 0.0316227766016838, 'Boost__n_estimators': 20}",0.7637362637362637,0.7582417582417582,0.760989010989011,0.771978021978022,0.7115384615384616,0.7532967032967033,0.021379204899278796,88,0.8228021978021978,0.8846153846153846,0.8770604395604396,0.9059065934065934,0.9217032967032966,0.8824175824175825,0.033712384611929755
1.7840184211730956,0.4519553843236546,0.007387113571166992,0.0008028652729411436,0.0316227766016838,30,"{'Boost__base_estimator__alpha': 0.0316227766016838, 'Boost__n_estimators': 30}",0.7637362637362637,0.7582417582417582,0.760989010989011,0.771978021978022,0.7115384615384616,0.7532967032967033,0.021379204899278796,88,0.8228021978021978,0.8846153846153846,0.8770604395604396,0.9059065934065934,0.9217032967032966,0.8824175824175825,0.033712384611929755
1.7744126796722413,0.4137482924458789,0.0071942806243896484,0.0007497840908814057,0.0316227766016838,45,"{'Boost__base_estimator__alpha': 0.0316227766016838, 'Boost__n_estimators': 45}",0.7637362637362637,0.7582417582417582,0.760989010989011,0.771978021978022,0.7115384615384616,0.7532967032967033,0.021379204899278796,88,0.8228021978021978,0.8846153846153846,0.8770604395604396,0.9059065934065934,0.9217032967032966,0.8824175824175825,0.033712384611929755
1.7868422031402589,0.4346668655727439,0.007167243957519531,0.0004114269600627972,0.0316227766016838,60,"{'Boost__base_estimator__alpha': 0.0316227766016838, 'Boost__n_estimators': 60}",0.7637362637362637,0.7582417582417582,0.760989010989011,0.771978021978022,0.7115384615384616,0.7532967032967033,0.021379204899278796,88,0.8228021978021978,0.8846153846153846,0.8770604395604396,0.9059065934065934,0.9217032967032966,0.8824175824175825,0.033712384611929755
1.7624087810516358,0.43888866636183155,0.007992219924926759,0.001092733305109542,0.0316227766016838,80,"{'Boost__base_estimator__alpha': 0.0316227766016838, 'Boost__n_estimators': 80}",0.7637362637362637,0.7582417582417582,0.760989010989011,0.771978021978022,0.7115384615384616,0.7532967032967033,0.021379204899278796,88,0.8228021978021978,0.8846153846153846,0.8770604395604396,0.9059065934065934,0.9217032967032966,0.8824175824175825,0.033712384611929755
1.7782248497009276,0.44434598904801775,0.0073832511901855465,0.0004976350486514038,0.0316227766016838,100,"{'Boost__base_estimator__alpha': 0.0316227766016838, 'Boost__n_estimators': 100}",0.7637362637362637,0.7582417582417582,0.760989010989011,0.771978021978022,0.7115384615384616,0.7532967032967033,0.021379204899278796,88,0.8228021978021978,0.8846153846153846,0.8770604395604396,0.9059065934065934,0.9217032967032966,0.8824175824175825,0.033712384611929755
0.47711915969848634,0.011474841945092438,0.005590009689331055,0.0004954308793364162,0.1,1,"{'Boost__base_estimator__alpha': 0.1, 'Boost__n_estimators': 1}",0.6291208791208791,0.6263736263736264,0.6153846153846154,0.5796703296703297,0.6236263736263736,0.6148351648351649,0.01817344550389144,132,0.6208791208791209,0.6215659340659341,0.6215659340659341,0.6304945054945055,0.6222527472527473,0.6233516483516484,0.003597747487282623
0.5487277030944824,0.011536273198643691,0.007401800155639649,0.0023328190532039155,0.1,2,"{'Boost__base_estimator__alpha': 0.1, 'Boost__n_estimators': 2}",0.6291208791208791,0.6263736263736264,0.6153846153846154,0.5796703296703297,0.6236263736263736,0.6148351648351649,0.01817344550389144,132,0.6208791208791209,0.6215659340659341,0.6215659340659341,0.6304945054945055,0.6222527472527473,0.6233516483516484,0.003597747487282623
0.6373594284057618,0.056856369055312904,0.005987024307250977,6.751246327853124e-06,0.1,5,"{'Boost__base_estimator__alpha': 0.1, 'Boost__n_estimators': 5}",0.6291208791208791,0.6263736263736264,0.6153846153846154,0.6071428571428571,0.6236263736263736,0.6203296703296703,0.008037768592487806,131,0.6208791208791209,0.6215659340659341,0.6215659340659341,0.7026098901098901,0.6222527472527473,0.6377747252747252,0.03242049251233206
0.6637647151947021,0.09887454030000016,0.006186962127685547,0.00039833635961093587,0.1,10,"{'Boost__base_estimator__alpha': 0.1, 'Boost__n_estimators': 10}",0.6291208791208791,0.6263736263736264,0.6153846153846154,0.5494505494505495,0.6236263736263736,0.6087912087912087,0.030024343060031298,134,0.6208791208791209,0.6215659340659341,0.6215659340659341,0.6572802197802198,0.6222527472527473,0.6287087912087912,0.014292316732933581
0.6705629348754882,0.09592765732402338,0.006390523910522461,0.0004848029065394787,0.1,20,"{'Boost__base_estimator__alpha': 0.1, 'Boost__n_estimators': 20}",0.6291208791208791,0.6263736263736264,0.6153846153846154,0.5494505494505495,0.6236263736263736,0.6087912087912087,0.030024343060031298,134,0.6208791208791209,0.6215659340659341,0.6215659340659341,0.6572802197802198,0.6222527472527473,0.6287087912087912,0.014292316732933581
0.676964282989502,0.1028828226571426,0.006191110610961914,0.00039638975930284215,0.1,30,"{'Boost__base_estimator__alpha': 0.1, 'Boost__n_estimators': 30}",0.6291208791208791,0.6263736263736264,0.6153846153846154,0.5494505494505495,0.6236263736263736,0.6087912087912087,0.030024343060031298,134,0.6208791208791209,0.6215659340659341,0.6215659340659341,0.6572802197802198,0.6222527472527473,0.6287087912087912,0.014292316732933581
0.6749638080596924,0.09398222681159843,0.00799093246459961,0.0035268967917436414,0.1,45,"{'Boost__base_estimator__alpha': 0.1, 'Boost__n_estimators': 45}",0.6291208791208791,0.6263736263736264,0.6153846153846154,0.5494505494505495,0.6236263736263736,0.6087912087912087,0.030024343060031298,134,0.6208791208791209,0.6215659340659341,0.6215659340659341,0.6572802197802198,0.6222527472527473,0.6287087912087912,0.014292316732933581
0.6487627506256104,0.09495823476465909,0.006186485290527344,0.00039882110895677096,0.1,60,"{'Boost__base_estimator__alpha': 0.1, 'Boost__n_estimators': 60}",0.6291208791208791,0.6263736263736264,0.6153846153846154,0.5494505494505495,0.6236263736263736,0.6087912087912087,0.030024343060031298,134,0.6208791208791209,0.6215659340659341,0.6215659340659341,0.6572802197802198,0.6222527472527473,0.6287087912087912,0.014292316732933581
0.6527551651000977,0.09977728016423275,0.005993986129760742,0.0006381745363734579,0.1,80,"{'Boost__base_estimator__alpha': 0.1, 'Boost__n_estimators': 80}",0.6291208791208791,0.6263736263736264,0.6153846153846154,0.5494505494505495,0.6236263736263736,0.6087912087912087,0.030024343060031298,134,0.6208791208791209,0.6215659340659341,0.6215659340659341,0.6572802197802198,0.6222527472527473,0.6287087912087912,0.014292316732933581
0.651954984664917,0.09480843891759984,0.005994319915771484,8.565832421051148e-06,0.1,100,"{'Boost__base_estimator__alpha': 0.1, 'Boost__n_estimators': 100}",0.6291208791208791,0.6263736263736264,0.6153846153846154,0.5494505494505495,0.6236263736263736,0.6087912087912087,0.030024343060031298,134,0.6208791208791209,0.6215659340659341,0.6215659340659341,0.6572802197802198,0.6222527472527473,0.6287087912087912,0.014292316732933581
0.48757138252258303,0.011870981759597131,0.006344223022460937,0.0005453696166012536,0.0031622776601683794,1,"{'Boost__base_estimator__alpha': 0.0031622776601683794, 'Boost__n_estimators': 1}",0.7472527472527473,0.7912087912087912,0.7994505494505495,0.75,0.7857142857142857,0.7747252747252747,0.0217710030287461,38,0.875,0.8653846153846154,0.8646978021978022,0.8619505494505495,0.8605769230769231,0.8655219780219781,0.005054497113454405
0.5713382720947265,0.022595578849579582,0.006190824508666992,0.0003966686027018369,0.0031622776601683794,2,"{'Boost__base_estimator__alpha': 0.0031622776601683794, 'Boost__n_estimators': 2}",0.7472527472527473,0.7912087912087912,0.7994505494505495,0.75,0.7857142857142857,0.7747252747252747,0.0217710030287461,38,0.875,0.8653846153846154,0.8646978021978022,0.8619505494505495,0.8605769230769231,0.8655219780219781,0.005054497113454405
0.8117948532104492,0.017284061501551477,0.00639047622680664,0.0004920710559212567,0.0031622776601683794,5,"{'Boost__base_estimator__alpha': 0.0031622776601683794, 'Boost__n_estimators': 5}",0.7527472527472527,0.771978021978022,0.7445054945054945,0.7774725274725275,0.739010989010989,0.7571428571428571,0.015107392400953318,84,0.9642857142857143,0.9539835164835165,0.9711538461538461,0.9690934065934066,0.959478021978022,0.9635989010989011,0.006279741456407923
1.1626672267913818,0.12801884229178462,0.006798171997070312,0.00039852923468391304,0.0031622776601683794,10,"{'Boost__base_estimator__alpha': 0.0031622776601683794, 'Boost__n_estimators': 10}",0.7445054945054945,0.7857142857142857,0.771978021978022,0.7774725274725275,0.739010989010989,0.7637362637362637,0.018551585732015517,77,0.9656593406593407,0.9629120879120879,0.9773351648351648,0.9684065934065934,0.9725274725274725,0.969368131868132,0.005095394777744874
1.2840980529785155,0.30002563438975177,0.0069976806640625,0.0010957516679999653,0.0031622776601683794,20,"{'Boost__base_estimator__alpha': 0.0031622776601683794, 'Boost__n_estimators': 20}",0.7692307692307693,0.7857142857142857,0.771978021978022,0.7774725274725275,0.739010989010989,0.7686813186813187,0.015867614371641362,52,0.9677197802197802,0.9629120879120879,0.9773351648351648,0.9684065934065934,0.9725274725274725,0.9697802197802197,0.004856502618039458
1.2871098041534423,0.30167349081947153,0.006783676147460937,0.00040004277188094905,0.0031622776601683794,30,"{'Boost__base_estimator__alpha': 0.0031622776601683794, 'Boost__n_estimators': 30}",0.7692307692307693,0.7857142857142857,0.771978021978022,0.7774725274725275,0.739010989010989,0.7686813186813187,0.015867614371641362,52,0.9677197802197802,0.9629120879120879,0.9773351648351648,0.9684065934065934,0.9725274725274725,0.9697802197802197,0.004856502618039458
1.3035042762756348,0.3084618560269991,0.00799102783203125,0.0030303948850549443,0.0031622776601683794,45,"{'Boost__base_estimator__alpha': 0.0031622776601683794, 'Boost__n_estimators': 45}",0.7692307692307693,0.7857142857142857,0.771978021978022,0.7774725274725275,0.739010989010989,0.7686813186813187,0.015867614371641362,52,0.9677197802197802,0.9629120879120879,0.9773351648351648,0.9684065934065934,0.9725274725274725,0.9697802197802197,0.004856502618039458
1.2927042484283446,0.30686440224669426,0.006790542602539062,0.00040391047594756744,0.0031622776601683794,60,"{'Boost__base_estimator__alpha': 0.0031622776601683794, 'Boost__n_estimators': 60}",0.7692307692307693,0.7857142857142857,0.771978021978022,0.7774725274725275,0.739010989010989,0.7686813186813187,0.015867614371641362,52,0.9677197802197802,0.9629120879120879,0.9773351648351648,0.9684065934065934,0.9725274725274725,0.9697802197802197,0.004856502618039458
1.276299810409546,0.289597409296777,0.008393096923828124,0.0033327170101333974,0.0031622776601683794,80,"{'Boost__base_estimator__alpha': 0.0031622776601683794, 'Boost__n_estimators': 80}",0.7692307692307693,0.7857142857142857,0.771978021978022,0.7774725274725275,0.739010989010989,0.7686813186813187,0.015867614371641362,52,0.9677197802197802,0.9629120879120879,0.9773351648351648,0.9684065934065934,0.9725274725274725,0.9697802197802197,0.004856502618039458
1.280505084991455,0.31438524181909966,0.008187341690063476,0.002932928659255578,0.0031622776601683794,100,"{'Boost__base_estimator__alpha': 0.0031622776601683794, 'Boost__n_estimators': 100}",0.7692307692307693,0.7857142857142857,0.771978021978022,0.7774725274725275,0.739010989010989,0.7686813186813187,0.015867614371641362,52,0.9677197802197802,0.9629120879120879,0.9773351648351648,0.9684065934065934,0.9725274725274725,0.9697802197802197,0.004856502618039458
0.4793264389038086,0.008660164201250837,0.0057834148406982425,0.00040023327938972197,0.01,1,"{'Boost__base_estimator__alpha': 0.01, 'Boost__n_estimators': 1}",0.6923076923076923,0.728021978021978,0.7774725274725275,0.7087912087912088,0.7774725274725275,0.7368131868131869,0.03507027120270978,128,0.7671703296703297,0.7664835164835165,0.7671703296703297,0.7493131868131868,0.801510989010989,0.7703296703296705,0.017021885796329315
0.5501387119293213,0.011431935009596772,0.007587289810180664,0.003208112725534129,0.01,2,"{'Boost__base_estimator__alpha': 0.01, 'Boost__n_estimators': 2}",0.6923076923076923,0.7472527472527473,0.7774725274725275,0.7087912087912088,0.7774725274725275,0.7406593406593407,0.03494954701931704,126,0.7671703296703297,0.8001373626373627,0.7671703296703297,0.7493131868131868,0.801510989010989,0.7770604395604396,0.02047394602624914
0.7773892402648925,0.01813529374347574,0.00758829116821289,0.0027305148411156136,0.01,5,"{'Boost__base_estimator__alpha': 0.01, 'Boost__n_estimators': 5}",0.7472527472527473,0.8159340659340659,0.75,0.7060439560439561,0.6868131868131868,0.7412087912087912,0.044481746479140855,124,0.9024725274725275,0.9114010989010989,0.9004120879120879,0.8914835164835165,0.8914835164835165,0.8994505494505495,0.007480905936368161
1.1948795795440674,0.021611159958243843,0.007992935180664063,0.0015484539899371437,0.01,10,"{'Boost__base_estimator__alpha': 0.01, 'Boost__n_estimators': 10}",0.7802197802197802,0.8131868131868132,0.7637362637362637,0.728021978021978,0.728021978021978,0.7626373626373626,0.03244085586620993,81,0.9574175824175825,0.9519230769230769,0.9567307692307693,0.9443681318681318,0.9532967032967034,0.9527472527472527,0.0046662878438085515
1.8614288806915282,0.2689295773452678,0.00759420394897461,0.000491589037459196,0.01,20,"{'Boost__base_estimator__alpha': 0.01, 'Boost__n_estimators': 20}",0.8104395604395604,0.8131868131868132,0.771978021978022,0.7362637362637363,0.6895604395604396,0.7642857142857142,0.04679693263707161,76,0.9663461538461539,0.970467032967033,0.9677197802197802,0.970467032967033,0.970467032967033,0.9690934065934066,0.0017375151978947078
2.1665019512176515,0.6293219820878684,0.007990598678588867,0.0011017841930731525,0.01,30,"{'Boost__base_estimator__alpha': 0.01, 'Boost__n_estimators': 30}",0.8104395604395604,0.8131868131868132,0.771978021978022,0.7637362637362637,0.7445054945054945,0.7807692307692308,0.026883801808186964,29,0.9663461538461539,0.970467032967033,0.9677197802197802,0.9766483516483516,0.9773351648351648,0.9717032967032967,0.004522548800317107
2.197108507156372,0.7060910727093536,0.007990837097167969,0.0006326212073935876,0.01,45,"{'Boost__base_estimator__alpha': 0.01, 'Boost__n_estimators': 45}",0.8104395604395604,0.8131868131868132,0.771978021978022,0.7637362637362637,0.75,0.7818681318681319,0.025453263344836205,25,0.9663461538461539,0.970467032967033,0.9677197802197802,0.9766483516483516,0.978021978021978,0.9718406593406593,0.004698525103430497
2.21471586227417,0.6917086461627112,0.007787322998046875,0.0007449319824357549,0.01,60,"{'Boost__base_estimator__alpha': 0.01, 'Boost__n_estimators': 60}",0.8104395604395604,0.8131868131868132,0.771978021978022,0.7637362637362637,0.75,0.7818681318681319,0.025453263344836205,25,0.9663461538461539,0.970467032967033,0.9677197802197802,0.9766483516483516,0.978021978021978,0.9718406593406593,0.004698525103430497
2.1857096195220946,0.703146078684474,0.00779118537902832,0.0009743147342332827,0.01,80,"{'Boost__base_estimator__alpha': 0.01, 'Boost__n_estimators': 80}",0.8104395604395604,0.8131868131868132,0.771978021978022,0.7637362637362637,0.75,0.7818681318681319,0.025453263344836205,25,0.9663461538461539,0.970467032967033,0.9677197802197802,0.9766483516483516,0.978021978021978,0.9718406593406593,0.004698525103430497
2.209914970397949,0.7219082357238567,0.007791042327880859,0.0011707850339013359,0.01,100,"{'Boost__base_estimator__alpha': 0.01, 'Boost__n_estimators': 100}",0.8104395604395604,0.8131868131868132,0.771978021978022,0.7637362637362637,0.75,0.7818681318681319,0.025453263344836205,25,0.9663461538461539,0.970467032967033,0.9677197802197802,0.9766483516483516,0.978021978021978,0.9718406593406593,0.004698525103430497
0.4869231700897217,0.013808231060477665,0.007191896438598633,0.002396499587347709,0.00031622776601683794,1,"{'Boost__base_estimator__alpha': 0.00031622776601683794, 'Boost__n_estimators': 1}",0.7472527472527473,0.7912087912087912,0.7994505494505495,0.75,0.7857142857142857,0.7747252747252747,0.0217710030287461,38,0.875,0.8653846153846154,0.8646978021978022,0.8619505494505495,0.8605769230769231,0.8655219780219781,0.005054497113454405
0.5591424465179443,0.01898737813779374,0.0061892509460449215,0.0003956925524915128,0.00031622776601683794,2,"{'Boost__base_estimator__alpha': 0.00031622776601683794, 'Boost__n_estimators': 2}",0.7472527472527473,0.7912087912087912,0.7994505494505495,0.75,0.7857142857142857,0.7747252747252747,0.0217710030287461,38,0.875,0.8653846153846154,0.8646978021978022,0.8619505494505495,0.8605769230769231,0.8655219780219781,0.005054497113454405
0.8063933849334717,0.020693520311582676,0.006394577026367187,0.00048096622393053854,0.00031622776601683794,5,"{'Boost__base_estimator__alpha': 0.00031622776601683794, 'Boost__n_estimators': 5}",0.7527472527472527,0.771978021978022,0.7445054945054945,0.7774725274725275,0.739010989010989,0.7571428571428571,0.015107392400953318,84,0.9642857142857143,0.9539835164835165,0.9711538461538461,0.9690934065934066,0.959478021978022,0.9635989010989011,0.006279741456407923
1.1596657276153564,0.11289791701261709,0.008198308944702148,0.002927705562678983,0.00031622776601683794,10,"{'Boost__base_estimator__alpha': 0.00031622776601683794, 'Boost__n_estimators': 10}",0.7445054945054945,0.7857142857142857,0.771978021978022,0.7774725274725275,0.739010989010989,0.7637362637362637,0.018551585732015517,77,0.9656593406593407,0.9629120879120879,0.9773351648351648,0.9684065934065934,0.9725274725274725,0.969368131868132,0.005095394777744874
1.2929081439971923,0.30626406549570767,0.006590747833251953,0.0004884178931551348,0.00031622776601683794,20,"{'Boost__base_estimator__alpha': 0.00031622776601683794, 'Boost__n_estimators': 20}",0.7692307692307693,0.7857142857142857,0.771978021978022,0.7774725274725275,0.739010989010989,0.7686813186813187,0.015867614371641362,52,0.9677197802197802,0.9629120879120879,0.9773351648351648,0.9684065934065934,0.9725274725274725,0.9697802197802197,0.004856502618039458
1.2893100738525392,0.3228866156824924,0.006583166122436523,0.0004898431271176978,0.00031622776601683794,30,"{'Boost__base_estimator__alpha': 0.00031622776601683794, 'Boost__n_estimators': 30}",0.7692307692307693,0.7857142857142857,0.771978021978022,0.7774725274725275,0.739010989010989,0.7686813186813187,0.015867614371641362,52,0.9677197802197802,0.9629120879120879,0.9773351648351648,0.9684065934065934,0.9725274725274725,0.9697802197802197,0.004856502618039458
1.3105147361755372,0.2761228769449085,0.006783628463745117,0.0004000190756915657,0.00031622776601683794,45,"{'Boost__base_estimator__alpha': 0.00031622776601683794, 'Boost__n_estimators': 45}",0.7692307692307693,0.7857142857142857,0.771978021978022,0.7774725274725275,0.739010989010989,0.7686813186813187,0.015867614371641362,52,0.9677197802197802,0.9629120879120879,0.9773351648351648,0.9684065934065934,0.9725274725274725,0.9697802197802197,0.004856502618039458
1.2736952304840088,0.30460404899655497,0.006998205184936523,6.987901726426075e-06,0.00031622776601683794,60,"{'Boost__base_estimator__alpha': 0.00031622776601683794, 'Boost__n_estimators': 60}",0.7692307692307693,0.7857142857142857,0.771978021978022,0.7774725274725275,0.739010989010989,0.7686813186813187,0.015867614371641362,52,0.9677197802197802,0.9629120879120879,0.9773351648351648,0.9684065934065934,0.9725274725274725,0.9697802197802197,0.004856502618039458
1.2831053256988525,0.310377597670946,0.007586956024169922,0.0013582234753598491,0.00031622776601683794,80,"{'Boost__base_estimator__alpha': 0.00031622776601683794, 'Boost__n_estimators': 80}",0.7692307692307693,0.7857142857142857,0.771978021978022,0.7774725274725275,0.739010989010989,0.7686813186813187,0.015867614371641362,52,0.9677197802197802,0.9629120879120879,0.9773351648351648,0.9684065934065934,0.9725274725274725,0.9697802197802197,0.004856502618039458
1.2951116561889648,0.2864529318279499,0.006583404541015625,0.0004901350303799149,0.00031622776601683794,100,"{'Boost__base_estimator__alpha': 0.00031622776601683794, 'Boost__n_estimators': 100}",0.7692307692307693,0.7857142857142857,0.771978021978022,0.7774725274725275,0.739010989010989,0.7686813186813187,0.015867614371641362,52,0.9677197802197802,0.9629120879120879,0.9773351648351648,0.9684065934065934,0.9725274725274725,0.9697802197802197,0.004856502618039458
0.49272994995117186,0.01789964692913239,0.0057834148406982425,0.0003999952303037686,0.001,1,"{'Boost__base_estimator__alpha': 0.001, 'Boost__n_estimators': 1}",0.7472527472527473,0.7912087912087912,0.7994505494505495,0.75,0.7857142857142857,0.7747252747252747,0.0217710030287461,38,0.875,0.8653846153846154,0.8646978021978022,0.8619505494505495,0.8605769230769231,0.8655219780219781,0.005054497113454405
0.557537317276001,0.0292144423091503,0.005994033813476562,8.724165525588536e-06,0.001,2,"{'Boost__base_estimator__alpha': 0.001, 'Boost__n_estimators': 2}",0.7472527472527473,0.7912087912087912,0.7994505494505495,0.75,0.7857142857142857,0.7747252747252747,0.0217710030287461,38,0.875,0.8653846153846154,0.8646978021978022,0.8619505494505495,0.8605769230769231,0.8655219780219781,0.005054497113454405
0.8069970607757568,0.022253052463069654,0.006187295913696289,0.0003980464719105902,0.001,5,"{'Boost__base_estimator__alpha': 0.001, 'Boost__n_estimators': 5}",0.7527472527472527,0.771978021978022,0.7445054945054945,0.7774725274725275,0.739010989010989,0.7571428571428571,0.015107392400953318,84,0.9642857142857143,0.9539835164835165,0.9711538461538461,0.9690934065934066,0.959478021978022,0.9635989010989011,0.006279741456407923
1.1466771602630614,0.11883529621039812,0.006583404541015625,0.0004900376480808073,0.001,10,"{'Boost__base_estimator__alpha': 0.001, 'Boost__n_estimators': 10}",0.7445054945054945,0.7857142857142857,0.771978021978022,0.7774725274725275,0.739010989010989,0.7637362637362637,0.018551585732015517,77,0.9656593406593407,0.9629120879120879,0.9773351648351648,0.9684065934065934,0.9725274725274725,0.969368131868132,0.005095394777744874
1.3009559154510497,0.29699455569586275,0.008140754699707032,0.0034453203574202206,0.001,20,"{'Boost__base_estimator__alpha': 0.001, 'Boost__n_estimators': 20}",0.7692307692307693,0.7857142857142857,0.771978021978022,0.7774725274725275,0.739010989010989,0.7686813186813187,0.015867614371641362,52,0.9677197802197802,0.9629120879120879,0.9773351648351648,0.9684065934065934,0.9725274725274725,0.9697802197802197,0.004856502618039458
1.293900203704834,0.28011884220255245,0.006794261932373047,0.00039635519197406857,0.001,30,"{'Boost__base_estimator__alpha': 0.001, 'Boost__n_estimators': 30}",0.7692307692307693,0.7857142857142857,0.771978021978022,0.7774725274725275,0.739010989010989,0.7686813186813187,0.015867614371641362,52,0.9677197802197802,0.9629120879120879,0.9773351648351648,0.9684065934065934,0.9725274725274725,0.9697802197802197,0.004856502618039458
1.2901062965393066,0.28682989612057397,0.006991291046142578,0.0008952002891533935,0.001,45,"{'Boost__base_estimator__alpha': 0.001, 'Boost__n_estimators': 45}",0.7692307692307693,0.7857142857142857,0.771978021978022,0.7774725274725275,0.739010989010989,0.7686813186813187,0.015867614371641362,52,0.9677197802197802,0.9629120879120879,0.9773351648351648,0.9684065934065934,0.9725274725274725,0.9697802197802197,0.004856502618039458
1.2758964061737061,0.29897210321675116,0.009594869613647462,0.0036666210869751425,0.001,60,"{'Boost__base_estimator__alpha': 0.001, 'Boost__n_estimators': 60}",0.7692307692307693,0.7857142857142857,0.771978021978022,0.7774725274725275,0.739010989010989,0.7686813186813187,0.015867614371641362,52,0.9677197802197802,0.9629120879120879,0.9773351648351648,0.9684065934065934,0.9725274725274725,0.9697802197802197,0.004856502618039458
1.2744972705841064,0.3023693837079019,0.006992816925048828,0.0006382415576779114,0.001,80,"{'Boost__base_estimator__alpha': 0.001, 'Boost__n_estimators': 80}",0.7692307692307693,0.7857142857142857,0.771978021978022,0.7774725274725275,0.739010989010989,0.7686813186813187,0.015867614371641362,52,0.9677197802197802,0.9629120879120879,0.9773351648351648,0.9684065934065934,0.9725274725274725,0.9697802197802197,0.004856502618039458
1.292307472229004,0.30744274034081254,0.007186508178710938,0.001172222613101149,0.001,100,"{'Boost__base_estimator__alpha': 0.001, 'Boost__n_estimators': 100}",0.7692307692307693,0.7857142857142857,0.771978021978022,0.7774725274725275,0.739010989010989,0.7686813186813187,0.015867614371641362,52,0.9677197802197802,0.9629120879120879,0.9773351648351648,0.9684065934065934,0.9725274725274725,0.9697802197802197,0.004856502618039458
