mean_fit_time,std_fit_time,mean_score_time,std_score_time,param_SVM__alpha,param_SVM__gamma_frac,param_SVM__n_iter,params,split0_test_score,split1_test_score,split2_test_score,split3_test_score,split4_test_score,mean_test_score,std_test_score,rank_test_score,split0_train_score,split1_train_score,split2_train_score,split3_train_score,split4_train_score,mean_train_score,std_train_score
3.719253158569336,0.053771897692785744,0.0187894344329834,0.006370246725707018,0.1,0.05,687,"{'SVM__alpha': 0.1, 'SVM__gamma_frac': 0.05, 'SVM__n_iter': 687}",0.5,0.5,0.5,0.5,0.5,0.5,0.0,168,0.5,0.5,0.5,0.5,0.5,0.5,0.0
3.7076501846313477,0.043240823233419816,0.018398046493530273,0.00634866478864616,0.1,0.15000000000000002,687,"{'SVM__alpha': 0.1, 'SVM__gamma_frac': 0.15000000000000002, 'SVM__n_iter': 687}",0.5494505494505495,0.5192307692307693,0.5,0.5027472527472527,0.5,0.5142857142857142,0.018985881915572544,167,0.5693681318681318,0.5288461538461539,0.5,0.5089285714285714,0.5,0.5214285714285714,0.026183350935274383
3.616427421569824,0.04325597575692183,0.015594768524169921,0.0012016667576006772,0.1,0.25000000000000006,687,"{'SVM__alpha': 0.1, 'SVM__gamma_frac': 0.25000000000000006, 'SVM__n_iter': 687}",0.6675824175824175,0.6675824175824175,0.6098901098901099,0.5934065934065934,0.6263736263736264,0.6329670329670329,0.03012472563048964,158,0.6675824175824175,0.654532967032967,0.6380494505494505,0.6552197802197802,0.635989010989011,0.6502747252747253,0.011795604088477206
3.5320104122161866,0.03166463762869018,0.015793561935424805,0.0014738499780665255,0.1,0.35000000000000003,687,"{'SVM__alpha': 0.1, 'SVM__gamma_frac': 0.35000000000000003, 'SVM__n_iter': 687}",0.6703296703296703,0.6703296703296703,0.6263736263736264,0.6098901098901099,0.6456043956043956,0.6445054945054945,0.023924770392392533,154,0.6778846153846154,0.665521978021978,0.6524725274725275,0.6634615384615384,0.646978021978022,0.6612637362637362,0.010775746515085265
3.499404525756836,0.05623290885907489,0.017792510986328124,0.006109496735142506,0.1,0.45000000000000007,687,"{'SVM__alpha': 0.1, 'SVM__gamma_frac': 0.45000000000000007, 'SVM__n_iter': 687}",0.6593406593406593,0.6620879120879121,0.6208791208791209,0.6153846153846154,0.6428571428571429,0.6401098901098901,0.019191482633596664,155,0.6703296703296703,0.6627747252747253,0.6524725274725275,0.6531593406593407,0.6414835164835165,0.656043956043956,0.009823109438890691
3.4803983688354494,0.044561990522491615,0.01499333381652832,0.0006385529085254602,0.1,0.5500000000000002,687,"{'SVM__alpha': 0.1, 'SVM__gamma_frac': 0.5500000000000002, 'SVM__n_iter': 687}",0.6456043956043956,0.6593406593406593,0.6208791208791209,0.6126373626373627,0.6291208791208791,0.6335164835164835,0.01689951263651614,157,0.6565934065934066,0.654532967032967,0.6497252747252747,0.6538461538461539,0.6387362637362637,0.6506868131868131,0.006378124596837326
3.487000274658203,0.02987168566503936,0.014992618560791015,0.0006384048347544261,0.1,0.6500000000000001,687,"{'SVM__alpha': 0.1, 'SVM__gamma_frac': 0.6500000000000001, 'SVM__n_iter': 687}",0.6456043956043956,0.6401098901098901,0.6126373626373627,0.6071428571428571,0.6236263736263736,0.6258241758241758,0.014987012853830613,160,0.6497252747252747,0.6442307692307693,0.6462912087912088,0.6462912087912088,0.635989010989011,0.6445054945054945,0.004609330147132585
3.4982041835784914,0.02904289122014815,0.014791631698608398,0.00040331349693812144,0.1,0.7500000000000002,687,"{'SVM__alpha': 0.1, 'SVM__gamma_frac': 0.7500000000000002, 'SVM__n_iter': 687}",0.6456043956043956,0.6346153846153846,0.6098901098901099,0.6043956043956044,0.6291208791208791,0.6247252747252747,0.015404226119644164,161,0.6428571428571429,0.635989010989011,0.6414835164835165,0.6449175824175825,0.6291208791208791,0.6388736263736263,0.005703444915391978
3.4907979488372805,0.028242249265886456,0.017397117614746094,0.005310590592935576,0.1,0.8500000000000002,687,"{'SVM__alpha': 0.1, 'SVM__gamma_frac': 0.8500000000000002, 'SVM__n_iter': 687}",0.6373626373626373,0.6263736263736264,0.6098901098901099,0.6043956043956044,0.6208791208791209,0.6197802197802198,0.01173305302421022,163,0.6394230769230769,0.6298076923076923,0.6387362637362637,0.6421703296703297,0.6298076923076923,0.635989010989011,0.005176220791598023
3.898490285873413,0.84309280356248,0.014795780181884766,0.0003962048240071717,0.1,0.9500000000000002,687,"{'SVM__alpha': 0.1, 'SVM__gamma_frac': 0.9500000000000002, 'SVM__n_iter': 687}",0.6401098901098901,0.6318681318681318,0.6098901098901099,0.6098901098901099,0.6208791208791209,0.6225274725274725,0.011987595730368875,162,0.6353021978021978,0.6339285714285714,0.635989010989011,0.6435439560439561,0.6270604395604396,0.6351648351648352,0.005255803975194794
3.697653341293335,0.04768053978532799,0.014787244796752929,0.0004021547290094394,0.03162277660168379,0.05,687,"{'SVM__alpha': 0.03162277660168379, 'SVM__gamma_frac': 0.05, 'SVM__n_iter': 687}",0.5,0.5,0.5,0.5,0.5,0.5,0.0,168,0.5,0.5,0.5,0.5,0.5,0.5,0.0
3.6812412261962892,0.06337769198871304,0.016596508026123048,0.0032553236579738356,0.03162277660168379,0.15000000000000002,687,"{'SVM__alpha': 0.03162277660168379, 'SVM__gamma_frac': 0.15000000000000002, 'SVM__n_iter': 687}",0.6675824175824175,0.7362637362637363,0.5576923076923077,0.5851648351648352,0.6181318681318682,0.6329670329670329,0.06330853064102891,158,0.7239010989010989,0.742445054945055,0.6236263736263736,0.695054945054945,0.7156593406593407,0.7001373626373627,0.041171228301451736
3.5390064239501955,0.034417680027748705,0.015192508697509766,0.00040561700981639747,0.03162277660168379,0.25000000000000006,687,"{'SVM__alpha': 0.03162277660168379, 'SVM__gamma_frac': 0.25000000000000006, 'SVM__n_iter': 687}",0.7115384615384616,0.75,0.6703296703296703,0.6456043956043956,0.6758241758241759,0.6906593406593406,0.03638839712043614,130,0.7445054945054945,0.7245879120879121,0.7108516483516484,0.7266483516483516,0.7184065934065934,0.725,0.011198214682521327
3.4675893783569336,0.05882242508611791,0.016799259185791015,0.0026401858876361024,0.03162277660168379,0.35000000000000003,687,"{'SVM__alpha': 0.03162277660168379, 'SVM__gamma_frac': 0.35000000000000003, 'SVM__n_iter': 687}",0.7032967032967034,0.7362637362637363,0.6813186813186813,0.6510989010989011,0.6895604395604396,0.6923076923076923,0.027854487594805674,125,0.7541208791208791,0.7266483516483516,0.7266483516483516,0.7211538461538461,0.720467032967033,0.7298076923076924,0.012435681645886017
3.4229783535003664,0.07957262642813001,0.014799928665161133,0.000747624411583415,0.03162277660168379,0.45000000000000007,687,"{'SVM__alpha': 0.03162277660168379, 'SVM__gamma_frac': 0.45000000000000007, 'SVM__n_iter': 687}",0.6785714285714286,0.7225274725274725,0.6730769230769231,0.6318681318681318,0.6895604395604396,0.6791208791208792,0.029198528034255874,140,0.7417582417582418,0.7218406593406593,0.7177197802197802,0.7135989010989011,0.7108516483516484,0.721153846153846,0.010954616504053237
3.3959733963012697,0.03943779876620408,0.017800378799438476,0.005638419895258677,0.03162277660168379,0.5500000000000002,687,"{'SVM__alpha': 0.03162277660168379, 'SVM__gamma_frac': 0.5500000000000002, 'SVM__n_iter': 687}",0.6840659340659341,0.7142857142857143,0.6593406593406593,0.6236263736263736,0.6840659340659341,0.6730769230769231,0.030244744933017334,143,0.7321428571428571,0.7149725274725275,0.7019230769230769,0.7074175824175825,0.7005494505494505,0.7114010989010989,0.011545000763434446
3.3995806217193603,0.0524321645300685,0.014992332458496094,0.0010923049988876608,0.03162277660168379,0.6500000000000001,687,"{'SVM__alpha': 0.03162277660168379, 'SVM__gamma_frac': 0.6500000000000001, 'SVM__n_iter': 687}",0.6868131868131868,0.7032967032967034,0.6620879120879121,0.6181318681318682,0.6785714285714286,0.6697802197802197,0.029043022607478052,146,0.7266483516483516,0.7060439560439561,0.6888736263736264,0.7005494505494505,0.6909340659340659,0.7026098901098902,0.01355651625436849
3.4285873889923097,0.04239967300197862,0.015192365646362305,0.0009780273682554541,0.03162277660168379,0.7500000000000002,687,"{'SVM__alpha': 0.03162277660168379, 'SVM__gamma_frac': 0.7500000000000002, 'SVM__n_iter': 687}",0.6703296703296703,0.6620879120879121,0.6510989010989011,0.6126373626373627,0.6565934065934066,0.6505494505494506,0.019992753185340904,152,0.7115384615384616,0.6916208791208791,0.6778846153846154,0.6888736263736264,0.6820054945054945,0.6903846153846154,0.011642648406822576
3.4055823802948,0.03499848601632504,0.014792633056640626,0.0007553471510381636,0.03162277660168379,0.8500000000000002,687,"{'SVM__alpha': 0.03162277660168379, 'SVM__gamma_frac': 0.8500000000000002, 'SVM__n_iter': 687}",0.6648351648351648,0.6648351648351648,0.6346153846153846,0.6098901098901099,0.6538461538461539,0.6456043956043956,0.020994476015981076,153,0.6923076923076923,0.6792582417582418,0.6641483516483516,0.676510989010989,0.6710164835164835,0.6766483516483517,0.009380973120309829
3.4515936374664307,0.06371654920046492,0.01479201316833496,0.001170176421961494,0.03162277660168379,0.9500000000000002,687,"{'SVM__alpha': 0.03162277660168379, 'SVM__gamma_frac': 0.9500000000000002, 'SVM__n_iter': 687}",0.6510989010989011,0.6565934065934066,0.6291208791208791,0.6043956043956044,0.6373626373626373,0.6357142857142857,0.018437320588530256,156,0.6730769230769231,0.6600274725274725,0.6552197802197802,0.6634615384615384,0.6565934065934066,0.661675824175824,0.006378124596837324
3.68324236869812,0.028353126129138127,0.015392351150512695,0.0007965766949271819,0.01,0.05,687,"{'SVM__alpha': 0.01, 'SVM__gamma_frac': 0.05, 'SVM__n_iter': 687}",0.5,0.5,0.5,0.5,0.5,0.5,0.0,168,0.5,0.5,0.5,0.5,0.5,0.5,0.0
3.5450212478637697,0.02252056570968004,0.015185022354125976,0.0007481627375976848,0.01,0.15000000000000002,687,"{'SVM__alpha': 0.01, 'SVM__gamma_frac': 0.15000000000000002, 'SVM__n_iter': 687}",0.75,0.7582417582417582,0.6538461538461539,0.6483516483516484,0.7115384615384616,0.7043956043956044,0.046317084430126575,110,0.8145604395604396,0.7857142857142857,0.7438186813186813,0.782967032967033,0.7870879120879121,0.7828296703296703,0.02260606766722055
3.7272438049316405,0.8408911818521791,0.015002918243408204,0.0006316565815030292,0.01,0.25000000000000006,687,"{'SVM__alpha': 0.01, 'SVM__gamma_frac': 0.25000000000000006, 'SVM__n_iter': 687}",0.7445054945054945,0.7637362637362637,0.75,0.6868131868131868,0.739010989010989,0.7368131868131869,0.026316329702918775,68,0.801510989010989,0.7836538461538461,0.8001373626373627,0.779532967032967,0.7877747252747253,0.7905219780219781,0.00881692666806662
3.274335813522339,0.0391981245382481,0.01819267272949219,0.0059431883162260205,0.01,0.35000000000000003,687,"{'SVM__alpha': 0.01, 'SVM__gamma_frac': 0.35000000000000003, 'SVM__n_iter': 687}",0.739010989010989,0.7582417582417582,0.7335164835164835,0.695054945054945,0.7417582417582418,0.7335164835164835,0.020922453587538217,72,0.7912087912087912,0.7712912087912088,0.7877747252747253,0.7726648351648352,0.7815934065934066,0.7809065934065934,0.007926669256183218
3.2797577381134033,0.06257463548077769,0.015188837051391601,0.0003970766660451985,0.01,0.45000000000000007,687,"{'SVM__alpha': 0.01, 'SVM__gamma_frac': 0.45000000000000007, 'SVM__n_iter': 687}",0.7197802197802198,0.7527472527472527,0.7225274725274725,0.6813186813186813,0.739010989010989,0.7230769230769231,0.02403806907057951,87,0.7850274725274725,0.760989010989011,0.7774725274725275,0.7603021978021978,0.7685439560439561,0.770467032967033,0.009570144751840867
3.2683566570281983,0.022951881032118867,0.014586448669433594,0.000802876099710336,0.01,0.5500000000000002,687,"{'SVM__alpha': 0.01, 'SVM__gamma_frac': 0.5500000000000002, 'SVM__n_iter': 687}",0.7142857142857143,0.7472527472527473,0.695054945054945,0.6703296703296703,0.7225274725274725,0.7098901098901099,0.025923354092495514,101,0.7747252747252747,0.7506868131868132,0.7596153846153846,0.7520604395604396,0.7623626373626373,0.75989010989011,0.008628735590406276
3.2993656635284423,0.037806119580306614,0.014784479141235351,0.00039942388014055266,0.01,0.6500000000000001,687,"{'SVM__alpha': 0.01, 'SVM__gamma_frac': 0.6500000000000001, 'SVM__n_iter': 687}",0.6978021978021978,0.7307692307692307,0.695054945054945,0.6510989010989011,0.7225274725274725,0.6994505494505494,0.02783280250970095,117,0.7706043956043956,0.739010989010989,0.7479395604395604,0.7445054945054945,0.7589285714285714,0.7521978021978022,0.01127210892248826
3.3183666706085204,0.05700411622176839,0.0173891544342041,0.0037276936616883103,0.01,0.7500000000000002,687,"{'SVM__alpha': 0.01, 'SVM__gamma_frac': 0.7500000000000002, 'SVM__n_iter': 687}",0.6895604395604396,0.7115384615384616,0.695054945054945,0.6428571428571429,0.7225274725274725,0.6923076923076923,0.02736241669887632,125,0.7582417582417582,0.7383241758241759,0.7410714285714286,0.7383241758241759,0.75,0.7451923076923077,0.007806742988122403
3.316561985015869,0.04564791517960963,0.015793418884277342,0.0021364473899055194,0.01,0.8500000000000002,687,"{'SVM__alpha': 0.01, 'SVM__gamma_frac': 0.8500000000000002, 'SVM__n_iter': 687}",0.6895604395604396,0.7005494505494505,0.6840659340659341,0.6373626373626373,0.7032967032967034,0.682967032967033,0.023861594231437893,137,0.7513736263736264,0.7369505494505495,0.7328296703296703,0.728021978021978,0.7252747252747253,0.7348901098901099,0.009163230813273592
3.34037184715271,0.008410293533454093,0.01718935966491699,0.0054549549768653,0.01,0.9500000000000002,687,"{'SVM__alpha': 0.01, 'SVM__gamma_frac': 0.9500000000000002, 'SVM__n_iter': 687}",0.6813186813186813,0.6868131868131868,0.6703296703296703,0.6236263736263736,0.6923076923076923,0.6708791208791208,0.024719168965279103,145,0.7403846153846154,0.7252747252747253,0.7211538461538461,0.717032967032967,0.7190934065934066,0.7245879120879122,0.00835544303612394
3.707450819015503,0.018262313267643805,0.015192079544067382,0.0007416494891268622,0.0031622776601683794,0.05,687,"{'SVM__alpha': 0.0031622776601683794, 'SVM__gamma_frac': 0.05, 'SVM__n_iter': 687}",0.5027472527472527,0.5,0.5,0.6895604395604396,0.5,0.5384615384615384,0.0755569426854506,166,0.9993131868131868,0.9993131868131868,0.992445054945055,1.0,0.9993131868131868,0.9980769230769232,0.0028284698189524624
3.3999765396118162,0.06067897015010967,0.014796257019042969,0.0007462771627151041,0.0031622776601683794,0.15000000000000002,687,"{'SVM__alpha': 0.0031622776601683794, 'SVM__gamma_frac': 0.15000000000000002, 'SVM__n_iter': 687}",0.8076923076923077,0.771978021978022,0.7197802197802198,0.695054945054945,0.771978021978022,0.7532967032967033,0.04042851019592783,52,0.8798076923076923,0.8846153846153846,0.8722527472527473,0.8667582417582418,0.8811813186813187,0.8769230769230768,0.006492473790162875
3.178730869293213,0.015030942900702457,0.014792490005493163,0.00039454263731042585,0.0031622776601683794,0.25000000000000006,687,"{'SVM__alpha': 0.0031622776601683794, 'SVM__gamma_frac': 0.25000000000000006, 'SVM__n_iter': 687}",0.7912087912087912,0.771978021978022,0.7582417582417582,0.7087912087912088,0.7802197802197802,0.762087912087912,0.028739993034334093,41,0.8434065934065934,0.8358516483516484,0.8509615384615384,0.8372252747252747,0.8440934065934066,0.8423076923076923,0.005418429374537349
3.1565190315246583,0.017222166021860223,0.01880035400390625,0.0038715993275824645,0.0031622776601683794,0.35000000000000003,687,"{'SVM__alpha': 0.0031622776601683794, 'SVM__gamma_frac': 0.35000000000000003, 'SVM__n_iter': 687}",0.7802197802197802,0.7582417582417582,0.7307692307692307,0.717032967032967,0.771978021978022,0.7516483516483516,0.024113305777463408,54,0.8193681318681318,0.8125,0.8296703296703297,0.8186813186813187,0.8207417582417582,0.8201923076923077,0.005518491600714487
3.1349209785461425,0.03541116309411276,0.014792346954345703,0.0007461287335711862,0.0031622776601683794,0.45000000000000007,687,"{'SVM__alpha': 0.0031622776601683794, 'SVM__gamma_frac': 0.45000000000000007, 'SVM__n_iter': 687}",0.760989010989011,0.7527472527472527,0.7225274725274725,0.6978021978021978,0.760989010989011,0.739010989010989,0.024998490474895222,62,0.7987637362637363,0.7973901098901099,0.8131868131868132,0.8021978021978022,0.7973901098901099,0.8017857142857142,0.005965398557859447
3.1741718292236327,0.02707011717079092,0.017551231384277343,0.004294114842821064,0.0031622776601683794,0.5500000000000002,687,"{'SVM__alpha': 0.0031622776601683794, 'SVM__gamma_frac': 0.5500000000000002, 'SVM__n_iter': 687}",0.7362637362637363,0.7527472527472527,0.7197802197802198,0.695054945054945,0.739010989010989,0.7285714285714285,0.019764951372093366,78,0.7884615384615384,0.7760989010989011,0.801510989010989,0.7898351648351648,0.7891483516483516,0.7890109890109891,0.008049497430760232
3.117113494873047,0.03674636605058951,0.01539597511291504,0.001015378578599058,0.0031622776601683794,0.6500000000000001,687,"{'SVM__alpha': 0.0031622776601683794, 'SVM__gamma_frac': 0.6500000000000001, 'SVM__n_iter': 687}",0.7417582417582418,0.7362637362637363,0.7060439560439561,0.6978021978021978,0.7252747252747253,0.7214285714285714,0.016988598718395958,90,0.7822802197802198,0.7651098901098901,0.7912087912087912,0.779532967032967,0.7760989010989011,0.7788461538461539,0.00850096068503616
3.182724666595459,0.015579969809490083,0.015199851989746094,0.0007495838024419135,0.0031622776601683794,0.7500000000000002,687,"{'SVM__alpha': 0.0031622776601683794, 'SVM__gamma_frac': 0.7500000000000002, 'SVM__n_iter': 687}",0.7225274725274725,0.7005494505494505,0.7087912087912088,0.6923076923076923,0.7197802197802198,0.7087912087912088,0.01139364909523502,102,0.7809065934065934,0.760989010989011,0.7747252747252747,0.7747252747252747,0.7644230769230769,0.7711538461538462,0.007338302411644576
3.1977295875549316,0.04770859675846234,0.01879873275756836,0.006679007876306873,0.0031622776601683794,0.8500000000000002,687,"{'SVM__alpha': 0.0031622776601683794, 'SVM__gamma_frac': 0.8500000000000002, 'SVM__n_iter': 687}",0.717032967032967,0.6868131868131868,0.7060439560439561,0.6758241758241759,0.7225274725274725,0.7016483516483516,0.01777028750417167,115,0.7699175824175825,0.7554945054945055,0.7671703296703297,0.7664835164835165,0.7554945054945055,0.762912087912088,0.006164507052834339
3.2153385639190675,0.03363401897283754,0.014393043518066407,0.000805551135956893,0.0031622776601683794,0.9500000000000002,687,"{'SVM__alpha': 0.0031622776601683794, 'SVM__gamma_frac': 0.9500000000000002, 'SVM__n_iter': 687}",0.7060439560439561,0.6758241758241759,0.7060439560439561,0.6648351648351648,0.7115384615384616,0.6928571428571428,0.018826199669243773,122,0.760989010989011,0.7362637362637363,0.7493131868131868,0.7458791208791209,0.7554945054945055,0.7495879120879121,0.008440819503152286
3.6724501132965086,0.05527707297314725,0.015185165405273437,0.00039980483684898943,0.001,0.05,687,"{'SVM__alpha': 0.001, 'SVM__gamma_frac': 0.05, 'SVM__n_iter': 687}",0.6923076923076923,0.5384615384615384,0.5439560439560439,0.6236263736263736,0.6703296703296703,0.6137362637362638,0.06326082621812859,165,1.0,1.0,1.0,1.0,1.0,1.0,0.0
3.141922616958618,0.05243283033720443,0.016592979431152344,0.003718430095441887,0.001,0.15000000000000002,687,"{'SVM__alpha': 0.001, 'SVM__gamma_frac': 0.15000000000000002, 'SVM__n_iter': 687}",0.8351648351648352,0.8104395604395604,0.7884615384615384,0.7362637362637363,0.8104395604395604,0.7961538461538461,0.033394662415434595,8,0.9526098901098901,0.9587912087912088,0.9629120879120879,0.9505494505494505,0.959478021978022,0.9568681318681319,0.0045847030956809795
3.017297601699829,0.04854261321503051,0.017187213897705077,0.0034340623284418973,0.001,0.25000000000000006,687,"{'SVM__alpha': 0.001, 'SVM__gamma_frac': 0.25000000000000006, 'SVM__n_iter': 687}",0.8186813186813187,0.7857142857142857,0.7582417582417582,0.7417582417582418,0.7994505494505495,0.7807692307692308,0.027713231237183493,21,0.9031593406593407,0.9072802197802198,0.9168956043956044,0.907967032967033,0.9093406593406593,0.9089285714285713,0.004484842779481991
3.3005587577819826,0.5797314866722876,0.015192365646362305,0.0014736109343865683,0.001,0.35000000000000003,687,"{'SVM__alpha': 0.001, 'SVM__gamma_frac': 0.35000000000000003, 'SVM__n_iter': 687}",0.7967032967032966,0.7692307692307693,0.7582417582417582,0.7335164835164835,0.7857142857142857,0.7686813186813187,0.022005477356594274,34,0.8695054945054945,0.864010989010989,0.885989010989011,0.8763736263736264,0.8743131868131868,0.8740384615384615,0.007340873195542495
3.0416929721832275,0.09004102207334394,0.01620035171508789,0.0013242239852670312,0.001,0.45000000000000007,687,"{'SVM__alpha': 0.001, 'SVM__gamma_frac': 0.45000000000000007, 'SVM__n_iter': 687}",0.7912087912087912,0.7554945054945055,0.7472527472527473,0.7225274725274725,0.7692307692307693,0.7571428571428571,0.022827008876748336,48,0.842032967032967,0.845467032967033,0.8516483516483516,0.8489010989010989,0.8385989010989011,0.8453296703296704,0.004666287843808507
3.019899034500122,0.04147134678385728,0.01498880386352539,0.001096132207133657,0.001,0.5500000000000002,687,"{'SVM__alpha': 0.001, 'SVM__gamma_frac': 0.5500000000000002, 'SVM__n_iter': 687}",0.7747252747252747,0.7362637362637363,0.7335164835164835,0.7060439560439561,0.7527472527472527,0.7406593406593407,0.022694369701168546,60,0.8173076923076923,0.8152472527472527,0.8289835164835165,0.8276098901098901,0.820054945054945,0.8218406593406593,0.005504798052064262
3.0216912746429445,0.014367640985983655,0.014796161651611328,0.0007563448540136265,0.001,0.6500000000000001,687,"{'SVM__alpha': 0.001, 'SVM__gamma_frac': 0.6500000000000001, 'SVM__n_iter': 687}",0.7527472527472527,0.7087912087912088,0.7087912087912088,0.7087912087912088,0.7417582417582418,0.7241758241758242,0.019159995356222728,86,0.8104395604395604,0.7932692307692307,0.8001373626373627,0.8125,0.8166208791208791,0.8065934065934066,0.008595872443495618
3.034899282455444,0.01925186482542355,0.01699213981628418,0.003637860659127354,0.001,0.7500000000000002,687,"{'SVM__alpha': 0.001, 'SVM__gamma_frac': 0.7500000000000002, 'SVM__n_iter': 687}",0.6978021978021978,0.6978021978021978,0.7142857142857143,0.6840659340659341,0.7307692307692307,0.704945054945055,0.016075537184975588,109,0.7946428571428571,0.7726648351648352,0.7781593406593407,0.7884615384615384,0.7967032967032966,0.7861263736263735,0.009322461264262139
3.0396995067596437,0.04087187374199536,0.017792797088623045,0.0038627488749923083,0.001,0.8500000000000002,687,"{'SVM__alpha': 0.001, 'SVM__gamma_frac': 0.8500000000000002, 'SVM__n_iter': 687}",0.695054945054945,0.6675824175824175,0.7115384615384616,0.6648351648351648,0.7252747252747253,0.6928571428571428,0.02378556134276195,122,0.7726648351648352,0.7321428571428571,0.7747252747252747,0.7637362637362637,0.7809065934065934,0.7648351648351649,0.01724762820395889
3.0673061847686767,0.05685030072794021,0.0147918701171875,0.0007546334776526818,0.001,0.9500000000000002,687,"{'SVM__alpha': 0.001, 'SVM__gamma_frac': 0.9500000000000002, 'SVM__n_iter': 687}",0.6785714285714286,0.6428571428571429,0.7005494505494505,0.6263736263736264,0.7115384615384616,0.671978021978022,0.03271884600210857,144,0.7479395604395604,0.7012362637362637,0.7493131868131868,0.7342032967032966,0.7554945054945055,0.7376373626373626,0.019484201347799077
2.8878730297088624,0.06637620286555578,0.01858549118041992,0.004318812283789352,0.00031622776601683794,0.05,687,"{'SVM__alpha': 0.00031622776601683794, 'SVM__gamma_frac': 0.05, 'SVM__n_iter': 687}",0.8296703296703297,0.7252747252747253,0.6758241758241759,0.6978021978021978,0.7582417582417582,0.7373626373626374,0.05376760361637394,67,1.0,1.0,1.0,1.0,1.0,1.0,0.0
2.7154227256774903,0.03210220616302412,0.017195987701416015,0.002131134437918565,0.00031622776601683794,0.15000000000000002,687,"{'SVM__alpha': 0.00031622776601683794, 'SVM__gamma_frac': 0.15000000000000002, 'SVM__n_iter': 687}",0.8351648351648352,0.8159340659340659,0.8021978021978022,0.7692307692307693,0.8131868131868132,0.8071428571428572,0.021729362564049646,1,0.9876373626373627,0.9910714285714286,0.9965659340659341,0.992445054945055,0.9965659340659341,0.9928571428571429,0.003409251001645828
2.802449655532837,0.04819314920796791,0.01578941345214844,0.0007536632443483365,0.00031622776601683794,0.25000000000000006,687,"{'SVM__alpha': 0.00031622776601683794, 'SVM__gamma_frac': 0.25000000000000006, 'SVM__n_iter': 687}",0.8159340659340659,0.8186813186813187,0.7912087912087912,0.7664835164835165,0.804945054945055,0.7994505494505495,0.019112667176841833,5,0.9587912087912088,0.9587912087912088,0.9587912087912088,0.9615384615384616,0.9697802197802198,0.9615384615384615,0.004256025655172971
2.812449312210083,0.02454067533793301,0.01619124412536621,0.0014680164113509762,0.00031622776601683794,0.35000000000000003,687,"{'SVM__alpha': 0.00031622776601683794, 'SVM__gamma_frac': 0.35000000000000003, 'SVM__n_iter': 687}",0.7994505494505495,0.7664835164835165,0.7802197802197802,0.760989010989011,0.771978021978022,0.7758241758241758,0.013413797379927163,27,0.9223901098901099,0.929945054945055,0.9237637362637363,0.9230769230769231,0.9162087912087912,0.9230769230769231,0.004365452907162301
2.8614616870880125,0.03111232615622669,0.015390729904174805,0.0004934396206664547,0.00031622776601683794,0.45000000000000007,687,"{'SVM__alpha': 0.00031622776601683794, 'SVM__gamma_frac': 0.45000000000000007, 'SVM__n_iter': 687}",0.7967032967032966,0.7197802197802198,0.771978021978022,0.7445054945054945,0.7692307692307693,0.7604395604395604,0.02620136047816782,42,0.8907967032967034,0.8743131868131868,0.8887362637362637,0.896978021978022,0.8928571428571429,0.8887362637362637,0.007709458901319948
2.8594554901123046,0.0252857677322133,0.014995574951171875,0.0006316480610959693,0.00031622776601683794,0.5500000000000002,687,"{'SVM__alpha': 0.00031622776601683794, 'SVM__gamma_frac': 0.5500000000000002, 'SVM__n_iter': 687}",0.7692307692307693,0.6868131868131868,0.739010989010989,0.7225274725274725,0.7747252747252747,0.7384615384615385,0.032197989723040915,65,0.864010989010989,0.7912087912087912,0.8392857142857143,0.8763736263736264,0.8681318681318682,0.8478021978021978,0.03087941417873302
2.8944711208343508,0.029994407119076756,0.016188859939575195,0.00146930188166432,0.00031622776601683794,0.6500000000000001,687,"{'SVM__alpha': 0.00031622776601683794, 'SVM__gamma_frac': 0.6500000000000001, 'SVM__n_iter': 687}",0.7527472527472527,0.6538461538461539,0.6978021978021978,0.7115384615384616,0.771978021978022,0.7175824175824176,0.04167864015057777,95,0.8413461538461539,0.7431318681318682,0.7410714285714286,0.8523351648351648,0.8440934065934066,0.8043956043956044,0.050995405055701555
2.9228768348693848,0.01854602997653532,0.015389060974121094,0.0010148991433503484,0.00031622776601683794,0.7500000000000002,687,"{'SVM__alpha': 0.00031622776601683794, 'SVM__gamma_frac': 0.7500000000000002, 'SVM__n_iter': 687}",0.7362637362637363,0.6346153846153846,0.7087912087912088,0.7060439560439561,0.7582417582417582,0.7087912087912088,0.04173654728534714,102,0.8152472527472527,0.676510989010989,0.7678571428571429,0.8399725274725275,0.8303571428571429,0.785989010989011,0.06008826478830866
2.922066307067871,0.02610834619360245,0.017400169372558595,0.0028730808898102312,0.00031622776601683794,0.8500000000000002,687,"{'SVM__alpha': 0.00031622776601683794, 'SVM__gamma_frac': 0.8500000000000002, 'SVM__n_iter': 687}",0.7060439560439561,0.6126373626373627,0.6785714285714286,0.6895604395604396,0.739010989010989,0.6851648351648352,0.0416133983049703,133,0.7939560439560439,0.6401098901098901,0.7225274725274725,0.8111263736263736,0.8118131868131868,0.7559065934065934,0.06655159533176312
2.899275541305542,0.03838880339289109,0.014184665679931641,0.0004000912511955537,0.00031622776601683794,0.9500000000000002,687,"{'SVM__alpha': 0.00031622776601683794, 'SVM__gamma_frac': 0.9500000000000002, 'SVM__n_iter': 687}",0.7142857142857143,0.6236263736263736,0.6895604395604396,0.6758241758241759,0.7225274725274725,0.6851648351648352,0.03503582102621947,133,0.7953296703296703,0.6531593406593407,0.7328296703296703,0.7850274725274725,0.7987637362637363,0.753021978021978,0.05529353775072365
2.436759614944458,0.02083281220917378,0.015796089172363283,0.0007516666612868909,0.0001,0.05,687,"{'SVM__alpha': 0.0001, 'SVM__gamma_frac': 0.05, 'SVM__n_iter': 687}",0.7252747252747253,0.6868131868131868,0.6456043956043956,0.7197802197802198,0.7912087912087912,0.7137362637362638,0.048038446141526116,99,1.0,1.0,1.0,1.0,1.0,1.0,0.0
2.394354057312012,0.030342388460238776,0.015391921997070313,0.0013606606136257293,0.0001,0.15000000000000002,687,"{'SVM__alpha': 0.0001, 'SVM__gamma_frac': 0.15000000000000002, 'SVM__n_iter': 687}",0.8269230769230769,0.8214285714285714,0.7967032967032966,0.7554945054945055,0.8131868131868132,0.8027472527472528,0.025736348194792015,2,1.0,1.0,1.0,0.9993131868131868,1.0,0.9998626373626374,0.00027472527472527375
2.5223833560943603,0.04445678340876297,0.015592193603515625,0.0012017334181763089,0.0001,0.25000000000000006,687,"{'SVM__alpha': 0.0001, 'SVM__gamma_frac': 0.25000000000000006, 'SVM__n_iter': 687}",0.8379120879120879,0.7994505494505495,0.7912087912087912,0.7554945054945055,0.804945054945055,0.7978021978021979,0.026442218495639498,7,0.9855769230769231,0.9862637362637363,0.9931318681318682,0.989010989010989,0.9938186813186813,0.9895604395604396,0.0034037120036713798
2.794851779937744,0.30296692914590545,0.01598529815673828,0.0020974430569782746,0.0001,0.35000000000000003,687,"{'SVM__alpha': 0.0001, 'SVM__gamma_frac': 0.35000000000000003, 'SVM__n_iter': 687}",0.8186813186813187,0.739010989010989,0.7884615384615384,0.7582417582417582,0.7857142857142857,0.778021978021978,0.027329296957023914,25,0.9581043956043956,0.9464285714285714,0.9608516483516484,0.9622252747252747,0.9663461538461539,0.9587912087912087,0.006729367425228528
2.6818222999572754,0.016240115145828696,0.015188932418823242,0.0007528115319179919,0.0001,0.45000000000000007,687,"{'SVM__alpha': 0.0001, 'SVM__gamma_frac': 0.45000000000000007, 'SVM__n_iter': 687}",0.804945054945055,0.7032967032967034,0.7582417582417582,0.7362637362637363,0.7747252747252747,0.7554945054945055,0.03440104580768906,49,0.929945054945055,0.8028846153846154,0.9100274725274725,0.9285714285714286,0.9223901098901099,0.8987637362637362,0.04845339257744724
2.729233455657959,0.0563279905023812,0.014988422393798828,0.0008983248477511228,0.0001,0.5500000000000002,687,"{'SVM__alpha': 0.0001, 'SVM__gamma_frac': 0.5500000000000002, 'SVM__n_iter': 687}",0.7884615384615384,0.7005494505494505,0.7335164835164835,0.7362637362637363,0.771978021978022,0.7461538461538462,0.030964841326605225,57,0.8894230769230769,0.8021978021978022,0.8564560439560439,0.904532967032967,0.9010989010989011,0.8707417582417583,0.03824852709452187
2.7484288215637207,0.0438269383160306,0.014401531219482422,0.00048386810917247616,0.0001,0.6500000000000001,687,"{'SVM__alpha': 0.0001, 'SVM__gamma_frac': 0.6500000000000001, 'SVM__n_iter': 687}",0.7637362637362637,0.6730769230769231,0.7060439560439561,0.7335164835164835,0.7802197802197802,0.7313186813186813,0.038672888691797275,74,0.8550824175824175,0.7616758241758241,0.7657967032967034,0.8722527472527473,0.8784340659340659,0.8266483516483516,0.051950687466765365
2.747440767288208,0.03220320829868735,0.015384960174560546,0.0013560091712403388,0.0001,0.7500000000000002,687,"{'SVM__alpha': 0.0001, 'SVM__gamma_frac': 0.7500000000000002, 'SVM__n_iter': 687}",0.771978021978022,0.6565934065934066,0.739010989010989,0.6868131868131868,0.7335164835164835,0.7175824175824176,0.04083715203530121,95,0.8434065934065934,0.7218406593406593,0.8159340659340659,0.8337912087912088,0.8289835164835165,0.8087912087912088,0.04436749395656137
2.755832004547119,0.04000177352842448,0.01619558334350586,0.0014630001497491687,0.0001,0.8500000000000002,687,"{'SVM__alpha': 0.0001, 'SVM__gamma_frac': 0.8500000000000002, 'SVM__n_iter': 687}",0.7115384615384616,0.5796703296703297,0.7005494505494505,0.7087912087912088,0.7637362637362637,0.6928571428571428,0.06082295977421823,122,0.7925824175824175,0.5693681318681318,0.7259615384615384,0.8392857142857143,0.8337912087912088,0.7521978021978022,0.09998773472662227
2.779840660095215,0.02991128782380338,0.015992403030395508,0.002605952566248777,0.0001,0.9500000000000002,687,"{'SVM__alpha': 0.0001, 'SVM__gamma_frac': 0.9500000000000002, 'SVM__n_iter': 687}",0.7445054945054945,0.5879120879120879,0.7005494505494505,0.6840659340659341,0.739010989010989,0.6912087912087912,0.056451866105676145,129,0.8056318681318682,0.5995879120879121,0.7465659340659341,0.8035714285714286,0.8131868131868132,0.7537087912087912,0.08065257517214391
2.2483242034912108,0.025917513063673767,0.014188480377197266,0.0007511629752855169,3.1622776601683795e-05,0.05,687,"{'SVM__alpha': 3.1622776601683795e-05, 'SVM__gamma_frac': 0.05, 'SVM__n_iter': 687}",0.7692307692307693,0.6978021978021978,0.7005494505494505,0.6868131868131868,0.6730769230769231,0.7054945054945055,0.033304137276245586,108,1.0,1.0,1.0,1.0,1.0,1.0,0.0
2.287533330917358,0.036534181794053766,0.014784622192382812,0.00039961447216895553,3.1622776601683795e-05,0.15000000000000002,687,"{'SVM__alpha': 3.1622776601683795e-05, 'SVM__gamma_frac': 0.15000000000000002, 'SVM__n_iter': 687}",0.8186813186813187,0.8241758241758241,0.8021978021978022,0.7554945054945055,0.8131868131868132,0.8027472527472528,0.0247191689652791,2,1.0,1.0,1.0,1.0,1.0,1.0,0.0
2.3599478244781493,0.025463772009815998,0.01639084815979004,0.002059865368611981,3.1622776601683795e-05,0.25000000000000006,687,"{'SVM__alpha': 3.1622776601683795e-05, 'SVM__gamma_frac': 0.25000000000000006, 'SVM__n_iter': 687}",0.8021978021978022,0.7747252747252747,0.7857142857142857,0.7445054945054945,0.7939560439560439,0.7802197802197802,0.020038002778912597,22,0.9986263736263736,0.9986263736263736,1.0,0.9993131868131868,1.0,0.9993131868131868,0.0006143043894230169
2.469571924209595,0.03934429769302757,0.014790868759155274,0.00040308364118658396,3.1622776601683795e-05,0.35000000000000003,687,"{'SVM__alpha': 3.1622776601683795e-05, 'SVM__gamma_frac': 0.35000000000000003, 'SVM__n_iter': 687}",0.7857142857142857,0.739010989010989,0.7774725274725275,0.7527472527472527,0.7857142857142857,0.7681318681318682,0.018922170722772035,35,0.9759615384615384,0.9333791208791209,0.9862637362637363,0.9855769230769231,0.9938186813186813,0.975,0.021568996072956623
2.56799259185791,0.03594966662751299,0.014800739288330079,0.0004082278187568701,3.1622776601683795e-05,0.45000000000000007,687,"{'SVM__alpha': 3.1622776601683795e-05, 'SVM__gamma_frac': 0.45000000000000007, 'SVM__n_iter': 687}",0.7912087912087912,0.7417582417582418,0.7664835164835165,0.7747252747252747,0.7582417582417582,0.7664835164835165,0.01648351648351647,36,0.948489010989011,0.9052197802197802,0.9217032967032966,0.9567307692307693,0.9347527472527473,0.9333791208791208,0.01846493133396318
2.5848106384277343,0.02770640958129794,0.01817913055419922,0.005430887961137564,3.1622776601683795e-05,0.5500000000000002,687,"{'SVM__alpha': 3.1622776601683795e-05, 'SVM__gamma_frac': 0.5500000000000002, 'SVM__n_iter': 687}",0.7747252747252747,0.6456043956043956,0.7747252747252747,0.75,0.7637362637362637,0.7417582417582418,0.048928872221743254,59,0.8736263736263736,0.6929945054945055,0.8907967032967034,0.9258241758241759,0.9059065934065934,0.8578296703296703,0.08419220388363309
2.6432103157043456,0.03747370519284956,0.015591955184936524,0.0007951957051517371,3.1622776601683795e-05,0.6500000000000001,687,"{'SVM__alpha': 3.1622776601683795e-05, 'SVM__gamma_frac': 0.6500000000000001, 'SVM__n_iter': 687}",0.7802197802197802,0.6291208791208791,0.7582417582417582,0.7087912087912088,0.7307692307692307,0.7214285714285714,0.05211387121485441,90,0.8633241758241759,0.6531593406593407,0.8784340659340659,0.8770604395604396,0.8173076923076923,0.8178571428571428,0.08528483215850749
2.661821794509888,0.011144838739976544,0.015784788131713866,0.0007491073116588925,3.1622776601683795e-05,0.7500000000000002,687,"{'SVM__alpha': 3.1622776601683795e-05, 'SVM__gamma_frac': 0.7500000000000002, 'SVM__n_iter': 687}",0.7637362637362637,0.6703296703296703,0.7582417582417582,0.7087912087912088,0.7445054945054945,0.7291208791208791,0.03507887846046674,76,0.842032967032967,0.7479395604395604,0.8489010989010989,0.8557692307692307,0.8434065934065934,0.8276098901098902,0.040127762087890526
2.7060171127319337,0.01995988834486977,0.014399576187133788,0.00048550428457130596,3.1622776601683795e-05,0.8500000000000002,687,"{'SVM__alpha': 3.1622776601683795e-05, 'SVM__gamma_frac': 0.8500000000000002, 'SVM__n_iter': 687}",0.717032967032967,0.6428571428571429,0.7252747252747253,0.717032967032967,0.7115384615384616,0.7027472527472527,0.03026470187674814,113,0.7781593406593407,0.6943681318681318,0.7767857142857143,0.834478021978022,0.7843406593406593,0.7736263736263737,0.045011369976066376
2.697015380859375,0.03066878656728297,0.016596364974975585,0.002581413090438485,3.1622776601683795e-05,0.9500000000000002,687,"{'SVM__alpha': 3.1622776601683795e-05, 'SVM__gamma_frac': 0.9500000000000002, 'SVM__n_iter': 687}",0.7032967032967034,0.5796703296703297,0.6620879120879121,0.7005494505494505,0.695054945054945,0.6681318681318681,0.04663537400862184,147,0.7644230769230769,0.5590659340659341,0.6936813186813187,0.8111263736263736,0.7678571428571429,0.7192307692307691,0.08849544603040199
2.259117078781128,0.045845110721906154,0.017198944091796876,0.001463724575876544,1e-05,0.05,687,"{'SVM__alpha': 1e-05, 'SVM__gamma_frac': 0.05, 'SVM__n_iter': 687}",0.6291208791208791,0.5302197802197802,0.6181318681318682,0.6730769230769231,0.6291208791208791,0.615934065934066,0.04682917747837917,164,1.0,1.0,1.0,1.0,1.0,1.0,0.0
2.230117750167847,0.03485414095691673,0.015596866607666016,0.000805975098066828,1e-05,0.15000000000000002,687,"{'SVM__alpha': 1e-05, 'SVM__gamma_frac': 0.15000000000000002, 'SVM__n_iter': 687}",0.8241758241758241,0.8241758241758241,0.7939560439560439,0.7527472527472527,0.8104395604395604,0.8010989010989011,0.0266129253589282,4,1.0,1.0,1.0,1.0,1.0,1.0,0.0
2.2973318576812742,0.05942634044424886,0.015192222595214844,0.0009783501254373556,1e-05,0.25000000000000006,687,"{'SVM__alpha': 1e-05, 'SVM__gamma_frac': 0.25000000000000006, 'SVM__n_iter': 687}",0.7884615384615384,0.7692307692307693,0.7857142857142857,0.7445054945054945,0.7747252747252747,0.7725274725274726,0.015676200678777022,31,1.0,1.0,1.0,1.0,1.0,1.0,0.0
2.343938684463501,0.038558566492382894,0.015396738052368164,0.0013621885858833467,1e-05,0.35000000000000003,687,"{'SVM__alpha': 1e-05, 'SVM__gamma_frac': 0.35000000000000003, 'SVM__n_iter': 687}",0.7857142857142857,0.7142857142857143,0.7802197802197802,0.7692307692307693,0.7417582417582418,0.7582417582417582,0.02669221494833212,44,0.9931318681318682,0.8021978021978022,0.9684065934065934,0.9958791208791209,0.9869505494505495,0.9493131868131869,0.07417887661607055
2.442168045043945,0.01948076510003511,0.014988946914672851,0.0006379257777670677,1e-05,0.45000000000000007,687,"{'SVM__alpha': 1e-05, 'SVM__gamma_frac': 0.45000000000000007, 'SVM__n_iter': 687}",0.7747252747252747,0.6675824175824175,0.7692307692307693,0.75,0.782967032967033,0.7489010989010989,0.04208231678871784,55,0.9065934065934066,0.7335164835164835,0.9148351648351648,0.9313186813186813,0.9587912087912088,0.8890109890109891,0.07976689865476709
2.542991352081299,0.024791246669867838,0.014387702941894532,0.0004935550819610582,1e-05,0.5500000000000002,687,"{'SVM__alpha': 1e-05, 'SVM__gamma_frac': 0.5500000000000002, 'SVM__n_iter': 687}",0.7774725274725275,0.5906593406593407,0.7582417582417582,0.7445054945054945,0.7582417582417582,0.7258241758241758,0.06839280058661631,79,0.9004120879120879,0.6071428571428571,0.9196428571428571,0.9237637362637363,0.9100274725274725,0.8521978021978022,0.12279359312971536
2.706227684020996,0.2945027161079658,0.014388799667358398,0.0004947844656730518,1e-05,0.6500000000000001,687,"{'SVM__alpha': 1e-05, 'SVM__gamma_frac': 0.6500000000000001, 'SVM__n_iter': 687}",0.7664835164835165,0.5741758241758241,0.7005494505494505,0.728021978021978,0.7417582417582418,0.7021978021978021,0.06746393616778389,114,0.8729395604395604,0.5618131868131868,0.7754120879120879,0.885989010989011,0.864010989010989,0.7920329670329671,0.12151695480680322
2.611012363433838,0.03588543886721149,0.014983081817626953,2.4455099336770555e-05,1e-05,0.7500000000000002,687,"{'SVM__alpha': 1e-05, 'SVM__gamma_frac': 0.7500000000000002, 'SVM__n_iter': 687}",0.7252747252747253,0.5961538461538461,0.7307692307692307,0.6978021978021978,0.6483516483516484,0.6796703296703297,0.05094209664395277,139,0.7953296703296703,0.5982142857142857,0.8413461538461539,0.8598901098901099,0.7232142857142857,0.763598901098901,0.09519082107206996
2.646210241317749,0.022494034621147872,0.014592361450195313,0.0008037278983097567,1e-05,0.8500000000000002,687,"{'SVM__alpha': 1e-05, 'SVM__gamma_frac': 0.8500000000000002, 'SVM__n_iter': 687}",0.7472527472527473,0.5906593406593407,0.7472527472527473,0.6923076923076923,0.7417582417582418,0.7038461538461539,0.06024945126097933,112,0.8097527472527473,0.5776098901098901,0.8475274725274725,0.8427197802197802,0.8406593406593407,0.7836538461538461,0.1038783091678227
2.7148265838623047,0.01719228626057073,0.015191745758056641,0.0011724704081856705,1e-05,0.9500000000000002,687,"{'SVM__alpha': 1e-05, 'SVM__gamma_frac': 0.9500000000000002, 'SVM__n_iter': 687}",0.6675824175824175,0.5961538461538461,0.7087912087912088,0.6868131868131868,0.6291208791208791,0.6576923076923077,0.04039862954868528,151,0.7307692307692307,0.6119505494505495,0.7554945054945055,0.8083791208791209,0.6771978021978022,0.7167582417582418,0.06729171149149539
2.2039139747619627,0.02647670857265227,0.015189218521118163,0.0007432307288078397,3.162277660168379e-06,0.05,687,"{'SVM__alpha': 3.162277660168379e-06, 'SVM__gamma_frac': 0.05, 'SVM__n_iter': 687}",0.8324175824175825,0.7335164835164835,0.6098901098901099,0.5769230769230769,0.7472527472527473,0.7,0.09397692718243056,116,1.0,1.0,1.0,1.0,1.0,1.0,0.0
2.1905074596405028,0.014161186212275998,0.015192556381225585,0.0009853739602967615,3.162277660168379e-06,0.15000000000000002,687,"{'SVM__alpha': 3.162277660168379e-06, 'SVM__gamma_frac': 0.15000000000000002, 'SVM__n_iter': 687}",0.8104395604395604,0.7912087912087912,0.782967032967033,0.7527472527472527,0.8021978021978022,0.7879120879120879,0.019917108747683373,13,1.0,1.0,1.0,1.0,1.0,1.0,0.0
2.2013101100921633,0.03166844509067401,0.017593193054199218,0.0052442139883040265,3.162277660168379e-06,0.25000000000000006,687,"{'SVM__alpha': 3.162277660168379e-06, 'SVM__gamma_frac': 0.25000000000000006, 'SVM__n_iter': 687}",0.7857142857142857,0.7774725274725275,0.7774725274725275,0.7417582417582418,0.782967032967033,0.7730769230769231,0.015981362167306567,30,1.0,1.0,1.0,1.0,1.0,1.0,0.0
2.335143804550171,0.017858192152877064,0.015589237213134766,0.0011984276115826354,3.162277660168379e-06,0.35000000000000003,687,"{'SVM__alpha': 3.162277660168379e-06, 'SVM__gamma_frac': 0.35000000000000003, 'SVM__n_iter': 687}",0.760989010989011,0.760989010989011,0.7747252747252747,0.7582417582417582,0.7637362637362637,0.7637362637362637,0.005762685978956899,39,0.9251373626373627,0.9759615384615384,1.0,0.9931318681318682,1.0,0.9788461538461538,0.02825599867596588
2.4285663604736327,0.01708624753622836,0.015190887451171874,0.0007514250638923735,3.162277660168379e-06,0.45000000000000007,687,"{'SVM__alpha': 3.162277660168379e-06, 'SVM__gamma_frac': 0.45000000000000007, 'SVM__n_iter': 687}",0.7582417582417582,0.6483516483516484,0.7637362637362637,0.760989010989011,0.7637362637362637,0.739010989010989,0.04537543477376388,62,0.9416208791208791,0.7122252747252747,0.926510989010989,0.9601648351648352,0.9340659340659341,0.8949175824175825,0.09202784141869261
2.516182041168213,0.009462016038153612,0.0173922061920166,0.0039364470959715216,3.162277660168379e-06,0.5500000000000002,687,"{'SVM__alpha': 3.162277660168379e-06, 'SVM__gamma_frac': 0.5500000000000002, 'SVM__n_iter': 687}",0.7774725274725275,0.6840659340659341,0.7142857142857143,0.7362637362637363,0.7115384615384616,0.7247252747252747,0.03114953358913927,84,0.8798076923076923,0.7671703296703297,0.8063186813186813,0.9203296703296703,0.834478021978022,0.8416208791208792,0.05383949555155789
2.582597017288208,0.03612326344282076,0.01639246940612793,0.0018513204417379067,3.162277660168379e-06,0.6500000000000001,687,"{'SVM__alpha': 3.162277660168379e-06, 'SVM__gamma_frac': 0.6500000000000001, 'SVM__n_iter': 687}",0.7692307692307693,0.6895604395604396,0.7225274725274725,0.7142857142857143,0.7802197802197802,0.7351648351648352,0.03425153269342572,71,0.8736263736263736,0.7788461538461539,0.8070054945054945,0.875,0.8901098901098901,0.8449175824175825,0.043759002041071256
2.6154075145721434,0.037713810665026166,0.018790006637573242,0.004713763121510553,3.162277660168379e-06,0.7500000000000002,687,"{'SVM__alpha': 3.162277660168379e-06, 'SVM__gamma_frac': 0.7500000000000002, 'SVM__n_iter': 687}",0.7554945054945055,0.6758241758241759,0.7060439560439561,0.717032967032967,0.7445054945054945,0.7197802197802198,0.02833801529280795,93,0.8447802197802198,0.7802197802197802,0.7678571428571429,0.8708791208791209,0.8543956043956044,0.8236263736263736,0.04152443219098802
2.638212060928345,0.02911967156473841,0.015188789367675782,0.0009797220299870364,3.162277660168379e-06,0.8500000000000002,687,"{'SVM__alpha': 3.162277660168379e-06, 'SVM__gamma_frac': 0.8500000000000002, 'SVM__n_iter': 687}",0.7445054945054945,0.5769230769230769,0.7197802197802198,0.7060439560439561,0.728021978021978,0.695054945054945,0.060364588865812176,119,0.8214285714285714,0.5707417582417582,0.8413461538461539,0.8021978021978022,0.8214285714285714,0.7714285714285714,0.1011043133405578
2.6728167057037355,0.01853848168263438,0.015592432022094727,0.0007953269095479482,3.162277660168379e-06,0.9500000000000002,687,"{'SVM__alpha': 3.162277660168379e-06, 'SVM__gamma_frac': 0.9500000000000002, 'SVM__n_iter': 687}",0.6648351648351648,0.6483516483516484,0.6840659340659341,0.6758241758241759,0.6291208791208791,0.6604395604395604,0.019703759425319906,150,0.7259615384615384,0.7245879120879121,0.742445054945055,0.8118131868131868,0.6964285714285714,0.7402472527472528,0.03871921142863522
2.210502529144287,0.04516792496723333,0.015398025512695312,0.0010136167636351557,1e-06,0.05,687,"{'SVM__alpha': 1e-06, 'SVM__gamma_frac': 0.05, 'SVM__n_iter': 687}",0.7582417582417582,0.7335164835164835,0.6428571428571429,0.6208791208791209,0.7307692307692307,0.6972527472527472,0.05468068265769108,118,1.0,1.0,1.0,1.0,1.0,1.0,0.0
2.1973060131073,0.023058435623680987,0.02099609375,0.007410843518506824,1e-06,0.15000000000000002,687,"{'SVM__alpha': 1e-06, 'SVM__gamma_frac': 0.15000000000000002, 'SVM__n_iter': 687}",0.8406593406593407,0.7912087912087912,0.7664835164835165,0.7472527472527473,0.7912087912087912,0.7873626373626373,0.03135240135755407,15,1.0,1.0,1.0,1.0,1.0,1.0,0.0
2.2015079975128176,0.034948976334442494,0.014594173431396485,0.0004908970016697809,1e-06,0.25000000000000006,687,"{'SVM__alpha': 1e-06, 'SVM__gamma_frac': 0.25000000000000006, 'SVM__n_iter': 687}",0.7912087912087912,0.7912087912087912,0.771978021978022,0.739010989010989,0.7857142857142857,0.7758241758241758,0.019703759425319867,27,1.0,1.0,1.0,1.0,1.0,1.0,0.0
2.3159363746643065,0.05386986320311695,0.015392160415649414,0.0004904788035829947,1e-06,0.35000000000000003,687,"{'SVM__alpha': 1e-06, 'SVM__gamma_frac': 0.35000000000000003, 'SVM__n_iter': 687}",0.7857142857142857,0.7417582417582418,0.7692307692307693,0.7417582417582418,0.75,0.7576923076923077,0.017235590265228695,46,0.9965659340659341,0.9718406593406593,1.0,0.9972527472527473,0.9862637362637363,0.9903846153846153,0.010379744773248663
2.3983546257019044,0.039974698506308616,0.015192556381225585,0.0011679589276140973,1e-06,0.45000000000000007,687,"{'SVM__alpha': 1e-06, 'SVM__gamma_frac': 0.45000000000000007, 'SVM__n_iter': 687}",0.771978021978022,0.6208791208791209,0.7197802197802198,0.7664835164835165,0.7362637362637363,0.7230769230769231,0.054597803790284255,87,0.9347527472527473,0.6689560439560439,0.8331043956043956,0.9649725274725275,0.8770604395604396,0.8557692307692306,0.10395184748633265
2.5019816398620605,0.04230145612757541,0.014788532257080078,0.00040257572876235294,1e-06,0.5500000000000002,687,"{'SVM__alpha': 1e-06, 'SVM__gamma_frac': 0.5500000000000002, 'SVM__n_iter': 687}",0.7664835164835165,0.7087912087912088,0.7554945054945055,0.7115384615384616,0.739010989010989,0.7362637362637363,0.023050743915827503,69,0.8784340659340659,0.8351648351648352,0.9017857142857143,0.8736263736263736,0.9052197802197802,0.8788461538461538,0.025128729076437206
2.548585081100464,0.037783529062621245,0.014796018600463867,0.0007466580491865216,1e-06,0.6500000000000001,687,"{'SVM__alpha': 1e-06, 'SVM__gamma_frac': 0.6500000000000001, 'SVM__n_iter': 687}",0.7527472527472527,0.7005494505494505,0.6675824175824175,0.7417582417582418,0.7637362637362637,0.7252747252747253,0.03590397637957043,81,0.8406593406593407,0.7967032967032966,0.709478021978022,0.8667582417582418,0.8440934065934066,0.8115384615384615,0.05584530349954385
2.5869967937469482,0.02484864805583567,0.019193220138549804,0.006646455724020112,1e-06,0.7500000000000002,687,"{'SVM__alpha': 1e-06, 'SVM__gamma_frac': 0.7500000000000002, 'SVM__n_iter': 687}",0.7307692307692307,0.6785714285714286,0.6978021978021978,0.6895604395604396,0.6483516483516484,0.689010989010989,0.02677126970347213,131,0.7994505494505495,0.7671703296703297,0.7451923076923077,0.8509615384615384,0.7266483516483516,0.7778846153846154,0.04384988898684828
2.6800137042999266,0.0498293125155146,0.015796756744384764,0.0009837988250576634,1e-06,0.8500000000000002,687,"{'SVM__alpha': 1e-06, 'SVM__gamma_frac': 0.8500000000000002, 'SVM__n_iter': 687}",0.7582417582417582,0.6730769230769231,0.6813186813186813,0.7087912087912088,0.6373626373626373,0.6917582417582417,0.04031634357767944,127,0.8289835164835165,0.7788461538461539,0.7142857142857143,0.8434065934065934,0.6964285714285714,0.7723901098901098,0.0590493204337728
2.686615991592407,0.019240110107934867,0.01539597511291504,0.0007985183959721927,1e-06,0.9500000000000002,687,"{'SVM__alpha': 1e-06, 'SVM__gamma_frac': 0.9500000000000002, 'SVM__n_iter': 687}",0.6593406593406593,0.6483516483516484,0.6868131868131868,0.6923076923076923,0.6181318681318682,0.660989010989011,0.02700704555482308,149,0.709478021978022,0.7060439560439561,0.7232142857142857,0.7884615384615384,0.6758241758241759,0.7206043956043956,0.037289339058106274
2.233323907852173,0.0353040159263777,0.015585565567016601,0.0013570149802881618,3.162277660168379e-07,0.05,687,"{'SVM__alpha': 3.162277660168379e-07, 'SVM__gamma_frac': 0.05, 'SVM__n_iter': 687}",0.8131868131868132,0.739010989010989,0.6428571428571429,0.6978021978021978,0.6730769230769231,0.7131868131868132,0.05909084575606962,100,1.0,1.0,1.0,1.0,1.0,1.0,0.0
2.2115163803100586,0.03179233693350709,0.014788246154785157,0.0007452509683734369,3.162277660168379e-07,0.15000000000000002,687,"{'SVM__alpha': 3.162277660168379e-07, 'SVM__gamma_frac': 0.15000000000000002, 'SVM__n_iter': 687}",0.8214285714285714,0.7939560439560439,0.782967032967033,0.7307692307692307,0.8131868131868132,0.7884615384615384,0.03189653906307691,11,1.0,1.0,1.0,1.0,1.0,1.0,0.0
2.2405166149139406,0.027108138479163976,0.014994430541992187,0.0006377875405784002,3.162277660168379e-07,0.25000000000000006,687,"{'SVM__alpha': 3.162277660168379e-07, 'SVM__gamma_frac': 0.25000000000000006, 'SVM__n_iter': 687}",0.7939560439560439,0.7939560439560439,0.8021978021978022,0.7417582417582418,0.7747252747252747,0.7813186813186813,0.02174325157957073,20,1.0,1.0,1.0,1.0,1.0,1.0,0.0
2.334940481185913,0.03566449375711837,0.015591859817504883,0.0007948644585509854,3.162277660168379e-07,0.35000000000000003,687,"{'SVM__alpha': 3.162277660168379e-07, 'SVM__gamma_frac': 0.35000000000000003, 'SVM__n_iter': 687}",0.7747252747252747,0.7060439560439561,0.771978021978022,0.7527472527472527,0.7637362637362637,0.7538461538461538,0.02509491702564666,51,0.9697802197802198,0.7891483516483516,0.9965659340659341,0.9965659340659341,1.0,0.950412087912088,0.08136391487708239
2.428963041305542,0.015231380476899715,0.014590644836425781,0.0008000007805867256,3.162277660168379e-07,0.45000000000000007,687,"{'SVM__alpha': 3.162277660168379e-07, 'SVM__gamma_frac': 0.45000000000000007, 'SVM__n_iter': 687}",0.7582417582417582,0.7115384615384616,0.7197802197802198,0.7527472527472527,0.75,0.7384615384615385,0.018985881915572506,65,0.9532967032967034,0.7857142857142857,0.8379120879120879,0.9519230769230769,0.9347527472527473,0.8927197802197803,0.06840383506509065
2.5305800914764403,0.032901803047875613,0.015396308898925782,0.0010192348848208283,3.162277660168379e-07,0.5500000000000002,687,"{'SVM__alpha': 3.162277660168379e-07, 'SVM__gamma_frac': 0.5500000000000002, 'SVM__n_iter': 687}",0.7527472527472527,0.7060439560439561,0.739010989010989,0.7252747252747253,0.7582417582417582,0.7362637362637363,0.018954053088637717,69,0.8434065934065934,0.7548076923076923,0.8489010989010989,0.8839285714285714,0.8949175824175825,0.8451923076923077,0.049314143368236446
2.5973953723907472,0.04219978782562857,0.015596294403076172,0.0008055961436439559,3.162277660168379e-07,0.6500000000000001,687,"{'SVM__alpha': 3.162277660168379e-07, 'SVM__gamma_frac': 0.6500000000000001, 'SVM__n_iter': 687}",0.7472527472527473,0.6648351648351648,0.7445054945054945,0.7472527472527473,0.7225274725274725,0.7252747252747253,0.03161131838163194,81,0.8482142857142857,0.7307692307692307,0.8358516483516484,0.8928571428571429,0.8324175824175825,0.828021978021978,0.05319783795009822
2.6128107070922852,0.014264150698215936,0.014784431457519532,0.0004003527052007706,3.162277660168379e-07,0.7500000000000002,687,"{'SVM__alpha': 3.162277660168379e-07, 'SVM__gamma_frac': 0.7500000000000002, 'SVM__n_iter': 687}",0.7582417582417582,0.6840659340659341,0.7252747252747253,0.717032967032967,0.739010989010989,0.7247252747252747,0.02465802821133722,84,0.8248626373626373,0.7678571428571429,0.8035714285714286,0.8262362637362637,0.8434065934065934,0.8131868131868132,0.025950270826554
2.646214485168457,0.020071670079089755,0.01698956489562988,0.0035858336458352204,3.162277660168379e-07,0.8500000000000002,687,"{'SVM__alpha': 3.162277660168379e-07, 'SVM__gamma_frac': 0.8500000000000002, 'SVM__n_iter': 687}",0.7252747252747253,0.7032967032967034,0.7252747252747253,0.6620879120879121,0.7060439560439561,0.7043956043956044,0.023090001526868895,110,0.8166208791208791,0.7987637362637363,0.7864010989010989,0.7692307692307693,0.7884615384615384,0.7918956043956044,0.015583244836144802
2.658213186264038,0.0066254394976826,0.01579251289367676,0.001605929971974427,3.162277660168379e-07,0.9500000000000002,687,"{'SVM__alpha': 3.162277660168379e-07, 'SVM__gamma_frac': 0.9500000000000002, 'SVM__n_iter': 687}",0.7142857142857143,0.6318681318681318,0.717032967032967,0.7032967032967034,0.6456043956043956,0.6824175824175824,0.03622208730516377,138,0.7960164835164835,0.6854395604395604,0.7506868131868132,0.8021978021978022,0.7177197802197802,0.7504120879120878,0.044837066998003515
2.167702579498291,0.02614850516325961,0.01559276580810547,0.0011972750883029607,1e-07,0.05,687,"{'SVM__alpha': 1e-07, 'SVM__gamma_frac': 0.05, 'SVM__n_iter': 687}",0.8159340659340659,0.782967032967033,0.7225274725274725,0.717032967032967,0.75,0.7576923076923077,0.03736263736263736,46,1.0,1.0,1.0,1.0,1.0,1.0,0.0
2.2319695472717287,0.04270519948645192,0.01733999252319336,0.004028832864033037,1e-07,0.15000000000000002,687,"{'SVM__alpha': 1e-07, 'SVM__gamma_frac': 0.15000000000000002, 'SVM__n_iter': 687}",0.8214285714285714,0.8159340659340659,0.7912087912087912,0.7527472527472527,0.8131868131868132,0.798901098901099,0.025262777873786044,6,1.0,1.0,1.0,1.0,1.0,1.0,0.0
2.200513172149658,0.033089523416448545,0.014988470077514648,7.407723188096977e-06,1e-07,0.25000000000000006,687,"{'SVM__alpha': 1e-07, 'SVM__gamma_frac': 0.25000000000000006, 'SVM__n_iter': 687}",0.7939560439560439,0.7774725274725275,0.7802197802197802,0.7554945054945055,0.7637362637362637,0.7741758241758242,0.013391272095553783,29,1.0,1.0,1.0,1.0,1.0,1.0,0.0
2.310530757904053,0.04648726830326236,0.017196846008300782,0.004960878045202219,1e-07,0.35000000000000003,687,"{'SVM__alpha': 1e-07, 'SVM__gamma_frac': 0.35000000000000003, 'SVM__n_iter': 687}",0.7664835164835165,0.7664835164835165,0.7884615384615384,0.7527472527472527,0.7554945054945055,0.765934065934066,0.012577497958527027,37,0.9869505494505495,0.9965659340659341,1.0,0.9972527472527473,1.0,0.9961538461538462,0.0048096542307724
2.4189520359039305,0.04002378585607017,0.014198923110961914,0.00040243984384412515,1e-07,0.45000000000000007,687,"{'SVM__alpha': 1e-07, 'SVM__gamma_frac': 0.45000000000000007, 'SVM__n_iter': 687}",0.7335164835164835,0.7554945054945055,0.7335164835164835,0.7637362637362637,0.7582417582417582,0.7489010989010989,0.012838814775327397,55,0.8358516483516484,0.9491758241758241,0.8763736263736264,0.9574175824175825,0.9189560439560439,0.907554945054945,0.04574320197041807
2.5293770313262938,0.025094809175736123,0.014802789688110352,0.001173064442289636,1e-07,0.5500000000000002,687,"{'SVM__alpha': 1e-07, 'SVM__gamma_frac': 0.5500000000000002, 'SVM__n_iter': 687}",0.7774725274725275,0.7032967032967034,0.6785714285714286,0.739010989010989,0.7005494505494505,0.7197802197802198,0.034750303957894274,93,0.9038461538461539,0.7898351648351648,0.7314560439560439,0.9175824175824175,0.8358516483516484,0.8357142857142857,0.06974100091964729
2.5583978652954102,0.04540773001542134,0.01538534164428711,0.0010195247395812445,1e-07,0.6500000000000001,687,"{'SVM__alpha': 1e-07, 'SVM__gamma_frac': 0.6500000000000001, 'SVM__n_iter': 687}",0.7582417582417582,0.6428571428571429,0.6703296703296703,0.7307692307692307,0.7307692307692307,0.7065934065934066,0.04292752743873539,104,0.8605769230769231,0.6936813186813187,0.7087912087912088,0.8777472527472527,0.8564560439560439,0.7994505494505495,0.08065070356786745
2.6014005661010744,0.028442554740283166,0.015395832061767579,0.0008035905250469269,1e-07,0.7500000000000002,687,"{'SVM__alpha': 1e-07, 'SVM__gamma_frac': 0.7500000000000002, 'SVM__n_iter': 687}",0.7527472527472527,0.6510989010989011,0.7362637362637363,0.7197802197802198,0.7252747252747253,0.717032967032967,0.034837071393730455,97,0.8440934065934066,0.7245879120879121,0.8173076923076923,0.8392857142857143,0.8331043956043956,0.8116758241758243,0.04447114058721005
2.6368094444274903,0.02867418537175863,0.016591644287109374,0.004229651454624295,1e-07,0.8500000000000002,687,"{'SVM__alpha': 1e-07, 'SVM__gamma_frac': 0.8500000000000002, 'SVM__n_iter': 687}",0.7115384615384616,0.5796703296703297,0.7197802197802198,0.7307692307692307,0.7335164835164835,0.695054945054945,0.05822620567797339,119,0.7877747252747253,0.5590659340659341,0.8111263736263736,0.8447802197802198,0.8331043956043956,0.7671703296703296,0.10586284568423981
2.677615594863892,0.043208981431983776,0.015394115447998047,0.0004903317587530632,1e-07,0.9500000000000002,687,"{'SVM__alpha': 1e-07, 'SVM__gamma_frac': 0.9500000000000002, 'SVM__n_iter': 687}",0.7252747252747253,0.5686813186813187,0.7087912087912088,0.7142857142857143,0.7087912087912088,0.6851648351648352,0.05855194199893285,133,0.8056318681318682,0.5604395604395604,0.7314560439560439,0.8193681318681318,0.7960164835164835,0.7425824175824176,0.09594404112130987
2.2241156101226807,0.042580870168654555,0.016192102432250978,0.0017152365723151347,3.162277660168379e-08,0.05,687,"{'SVM__alpha': 3.162277660168379e-08, 'SVM__gamma_frac': 0.05, 'SVM__n_iter': 687}",0.8379120879120879,0.7912087912087912,0.771978021978022,0.7445054945054945,0.7912087912087912,0.7873626373626373,0.03052295475237615,15,1.0,1.0,1.0,1.0,1.0,1.0,0.0
2.212565565109253,0.03532493235672459,0.014939403533935547,0.0009059818995208526,3.162277660168379e-08,0.15000000000000002,687,"{'SVM__alpha': 3.162277660168379e-08, 'SVM__gamma_frac': 0.15000000000000002, 'SVM__n_iter': 687}",0.8159340659340659,0.7912087912087912,0.7939560439560439,0.7252747252747253,0.8021978021978022,0.7857142857142857,0.03141973286922154,17,1.0,1.0,1.0,1.0,1.0,1.0,0.0
2.2199143886566164,0.04527949977019995,0.01599230766296387,0.002528198669187645,3.162277660168379e-08,0.25000000000000006,687,"{'SVM__alpha': 3.162277660168379e-08, 'SVM__gamma_frac': 0.25000000000000006, 'SVM__n_iter': 687}",0.782967032967033,0.8076923076923077,0.7692307692307693,0.7252747252747253,0.8021978021978022,0.7774725274725275,0.029486610692304932,26,1.0,1.0,1.0,1.0,1.0,1.0,0.0
2.3065497875213623,0.020903570300992054,0.01677708625793457,0.004140851137440605,3.162277660168379e-08,0.35000000000000003,687,"{'SVM__alpha': 3.162277660168379e-08, 'SVM__gamma_frac': 0.35000000000000003, 'SVM__n_iter': 687}",0.771978021978022,0.7802197802197802,0.7884615384615384,0.7472527472527473,0.7637362637362637,0.7703296703296704,0.014179657033586745,33,0.992445054945055,0.9986263736263736,1.0,1.0,1.0,0.9982142857142857,0.0029332632560525474
2.4221524238586425,0.021172252342568067,0.01539907455444336,0.0004854621147789205,3.162277660168379e-08,0.45000000000000007,687,"{'SVM__alpha': 3.162277660168379e-08, 'SVM__gamma_frac': 0.45000000000000007, 'SVM__n_iter': 687}",0.7417582417582418,0.7554945054945055,0.771978021978022,0.7582417582417582,0.7637362637362637,0.7582417582417582,0.0099812649036181,44,0.9024725274725275,0.9443681318681318,0.929945054945055,0.945054945054945,0.9615384615384616,0.9366758241758243,0.01981262607923383
2.5011743545532226,0.04092281316525125,0.015595960617065429,0.001849294045535015,3.162277660168379e-08,0.5500000000000002,687,"{'SVM__alpha': 3.162277660168379e-08, 'SVM__gamma_frac': 0.5500000000000002, 'SVM__n_iter': 687}",0.7747252747252747,0.5934065934065934,0.7692307692307693,0.760989010989011,0.7582417582417582,0.7313186813186813,0.06920459997289577,74,0.8901098901098901,0.5796703296703297,0.9010989010989011,0.9175824175824175,0.9059065934065934,0.8388736263736263,0.1299014865511069
2.557987403869629,0.036875358085408184,0.01459488868713379,0.0008050333102098251,3.162277660168379e-08,0.6500000000000001,687,"{'SVM__alpha': 3.162277660168379e-08, 'SVM__gamma_frac': 0.6500000000000001, 'SVM__n_iter': 687}",0.7884615384615384,0.6401098901098901,0.760989010989011,0.6895604395604396,0.7362637362637363,0.7230769230769231,0.05271290090202839,87,0.8743131868131868,0.6614010989010989,0.8942307692307693,0.8482142857142857,0.8475274725274725,0.8251373626373626,0.0837085252288608
2.613395643234253,0.03249158339482065,0.01580018997192383,0.0014718923433153386,3.162277660168379e-08,0.7500000000000002,687,"{'SVM__alpha': 3.162277660168379e-08, 'SVM__gamma_frac': 0.7500000000000002, 'SVM__n_iter': 687}",0.7664835164835165,0.6785714285714286,0.7472527472527473,0.7197802197802198,0.75,0.7324175824175824,0.03081824980742892,73,0.8255494505494505,0.7671703296703297,0.8612637362637363,0.8495879120879121,0.8619505494505495,0.8331043956043956,0.03549967216504435
2.64680814743042,0.012192293836570538,0.01619577407836914,0.0021423216866363736,3.162277660168379e-08,0.8500000000000002,687,"{'SVM__alpha': 3.162277660168379e-08, 'SVM__gamma_frac': 0.8500000000000002, 'SVM__n_iter': 687}",0.7417582417582418,0.5576923076923077,0.7417582417582418,0.7225274725274725,0.6126373626373627,0.6752747252747253,0.07592364871849945,142,0.8255494505494505,0.5288461538461539,0.8179945054945055,0.834478021978022,0.6758241758241759,0.7365384615384615,0.1191406898797634
2.6626028060913085,0.029447980565559317,0.019004154205322265,0.004148390468567771,3.162277660168379e-08,0.9500000000000002,687,"{'SVM__alpha': 3.162277660168379e-08, 'SVM__gamma_frac': 0.9500000000000002, 'SVM__n_iter': 687}",0.7225274725274725,0.5384615384615384,0.6181318681318682,0.717032967032967,0.7225274725274725,0.6637362637362637,0.07419820582151558,148,0.7967032967032966,0.5240384615384616,0.6181318681318682,0.8118131868131868,0.8131868131868132,0.7127747252747252,0.11959419469363783
2.2071160793304445,0.021767785189392066,0.01498708724975586,0.0006385448611461803,1e-08,0.05,687,"{'SVM__alpha': 1e-08, 'SVM__gamma_frac': 0.05, 'SVM__n_iter': 687}",0.8296703296703297,0.8021978021978022,0.7774725274725275,0.728021978021978,0.804945054945055,0.7884615384615384,0.03444489674430218,11,1.0,1.0,1.0,1.0,1.0,1.0,0.0
2.184106397628784,0.01758424703280363,0.014991950988769532,0.0008942486825389884,1e-08,0.15000000000000002,687,"{'SVM__alpha': 1e-08, 'SVM__gamma_frac': 0.15000000000000002, 'SVM__n_iter': 687}",0.8434065934065934,0.7802197802197802,0.7994505494505495,0.75,0.8021978021978022,0.795054945054945,0.03052295475237616,9,1.0,1.0,1.0,1.0,1.0,1.0,0.0
2.2061086177825926,0.030070917395201267,0.017595481872558594,0.0037708852566580714,1e-08,0.25000000000000006,687,"{'SVM__alpha': 1e-08, 'SVM__gamma_frac': 0.25000000000000006, 'SVM__n_iter': 687}",0.804945054945055,0.782967032967033,0.7554945054945055,0.7554945054945055,0.7939560439560439,0.7785714285714286,0.020083150420326455,24,1.0,1.0,1.0,1.0,1.0,1.0,0.0
2.316935920715332,0.02612439055117403,0.017592763900756835,0.006221913548990303,1e-08,0.35000000000000003,687,"{'SVM__alpha': 1e-08, 'SVM__gamma_frac': 0.35000000000000003, 'SVM__n_iter': 687}",0.7774725274725275,0.7554945054945055,0.771978021978022,0.7445054945054945,0.7774725274725275,0.7653846153846153,0.013186813186813192,38,0.9917582417582418,0.9587912087912088,1.0,0.9958791208791209,1.0,0.9892857142857142,0.015550518349543841
2.423167657852173,0.02601781573094337,0.018385982513427733,0.0047592231791754895,1e-08,0.45000000000000007,687,"{'SVM__alpha': 1e-08, 'SVM__gamma_frac': 0.45000000000000007, 'SVM__n_iter': 687}",0.7912087912087912,0.7527472527472527,0.7747252747252747,0.7307692307692307,0.7472527472527473,0.7593406593406593,0.021251735830564528,43,0.9567307692307693,0.9409340659340659,0.945054945054945,0.9010989010989011,0.853021978021978,0.9193681318681317,0.03809578842234225
2.4989776611328125,0.03423981353423083,0.015191650390625,0.000747596613748067,1e-08,0.5500000000000002,687,"{'SVM__alpha': 1e-08, 'SVM__gamma_frac': 0.5500000000000002, 'SVM__n_iter': 687}",0.7802197802197802,0.6648351648351648,0.7664835164835165,0.7527472527472527,0.7582417582417582,0.7445054945054945,0.04089625069434814,58,0.9175824175824175,0.728021978021978,0.9141483516483516,0.9017857142857143,0.8894230769230769,0.8701923076923077,0.07177509983220642
2.5625991821289062,0.015274248845468312,0.014785861968994141,0.00040023381908708635,1e-08,0.6500000000000001,687,"{'SVM__alpha': 1e-08, 'SVM__gamma_frac': 0.6500000000000001, 'SVM__n_iter': 687}",0.760989010989011,0.6181318681318682,0.7252747252747253,0.6868131868131868,0.7417582417582418,0.7065934065934066,0.050519580281198205,104,0.8729395604395604,0.6524725274725275,0.7994505494505495,0.8179945054945055,0.885989010989011,0.8057692307692308,0.08323019721697598
2.614203596115112,0.023477736806284264,0.015191650390625,0.00040593115630574965,1e-08,0.7500000000000002,687,"{'SVM__alpha': 1e-08, 'SVM__gamma_frac': 0.7500000000000002, 'SVM__n_iter': 687}",0.7472527472527473,0.6401098901098901,0.7005494505494505,0.7252747252747253,0.6291208791208791,0.6884615384615385,0.04651221414300728,132,0.8351648351648352,0.717032967032967,0.7520604395604396,0.8447802197802198,0.6833791208791209,0.7664835164835165,0.06388617978968372
2.629806327819824,0.0338967455430099,0.01679239273071289,0.0036614270822643777,1e-08,0.8500000000000002,687,"{'SVM__alpha': 1e-08, 'SVM__gamma_frac': 0.8500000000000002, 'SVM__n_iter': 687}",0.7554945054945055,0.6868131868131868,0.6758241758241759,0.7087912087912088,0.75,0.7153846153846154,0.03234766160337366,98,0.823489010989011,0.7980769230769231,0.6909340659340659,0.8317307692307693,0.8413461538461539,0.7971153846153846,0.05500100173638474
2.840458869934082,0.35317826418661147,0.018189048767089842,0.005945386040179093,1e-08,0.9500000000000002,687,"{'SVM__alpha': 1e-08, 'SVM__gamma_frac': 0.9500000000000002, 'SVM__n_iter': 687}",0.7197802197802198,0.6483516483516484,0.7005494505494505,0.7032967032967034,0.6153846153846154,0.6774725274725275,0.039223227027636795,141,0.8063186813186813,0.7101648351648352,0.7321428571428571,0.7747252747252747,0.6778846153846154,0.7402472527472528,0.04563748303209909
2.1985105991363527,0.01616342574852412,0.014991521835327148,0.0010946157418765788,3.1622776601683795e-09,0.05,687,"{'SVM__alpha': 3.1622776601683795e-09, 'SVM__gamma_frac': 0.05, 'SVM__n_iter': 687}",0.8296703296703297,0.7967032967032966,0.75,0.7252747252747253,0.8104395604395604,0.7824175824175824,0.03882870273418629,19,1.0,1.0,1.0,1.0,1.0,1.0,0.0
2.194554901123047,0.021248148632130422,0.01534256935119629,0.0004387412767098646,3.1622776601683795e-09,0.15000000000000002,687,"{'SVM__alpha': 3.1622776601683795e-09, 'SVM__gamma_frac': 0.15000000000000002, 'SVM__n_iter': 687}",0.804945054945055,0.7912087912087912,0.7747252747252747,0.739010989010989,0.8131868131868132,0.7846153846153846,0.02627040239094926,18,1.0,1.0,1.0,1.0,1.0,1.0,0.0
2.2323593616485597,0.026180371357214207,0.015150499343872071,0.0007570864068057494,3.1622776601683795e-09,0.25000000000000006,687,"{'SVM__alpha': 3.1622776601683795e-09, 'SVM__gamma_frac': 0.25000000000000006, 'SVM__n_iter': 687}",0.7939560439560439,0.7912087912087912,0.760989010989011,0.7472527472527473,0.7637362637362637,0.7714285714285715,0.018173445503891446,32,1.0,1.0,1.0,1.0,1.0,1.0,0.0
2.322141742706299,0.019282823004434544,0.014788007736206055,0.00074353529537363,3.1622776601683795e-09,0.35000000000000003,687,"{'SVM__alpha': 3.1622776601683795e-09, 'SVM__gamma_frac': 0.35000000000000003, 'SVM__n_iter': 687}",0.7747252747252747,0.7692307692307693,0.771978021978022,0.7307692307692307,0.771978021978022,0.7637362637362637,0.016574838603294926,39,0.9910714285714286,0.9951923076923077,1.0,1.0,1.0,0.9972527472527473,0.0036082213012537502
2.42116322517395,0.025548647376913074,0.014988994598388672,0.0006326785423017029,3.1622776601683795e-09,0.45000000000000007,687,"{'SVM__alpha': 3.1622776601683795e-09, 'SVM__gamma_frac': 0.45000000000000007, 'SVM__n_iter': 687}",0.782967032967033,0.6236263736263736,0.7692307692307693,0.7307692307692307,0.739010989010989,0.7291208791208791,0.056103179223599184,76,0.9306318681318682,0.6806318681318682,0.9271978021978022,0.9141483516483516,0.8887362637362637,0.8682692307692307,0.09496657106377569
2.487378406524658,0.04845173163044401,0.014992046356201171,0.0006387787421485518,3.1622776601683795e-09,0.5500000000000002,687,"{'SVM__alpha': 3.1622776601683795e-09, 'SVM__gamma_frac': 0.5500000000000002, 'SVM__n_iter': 687}",0.7884615384615384,0.6895604395604396,0.7362637362637363,0.7005494505494505,0.7142857142857143,0.7258241758241758,0.034984082153256275,79,0.9162087912087912,0.7554945054945055,0.8523351648351648,0.864010989010989,0.8440934065934066,0.8464285714285713,0.051937973908109926
2.557794761657715,0.03913182584919791,0.0169891357421875,0.004559456769606095,3.1622776601683795e-09,0.6500000000000001,687,"{'SVM__alpha': 3.1622776601683795e-09, 'SVM__gamma_frac': 0.6500000000000001, 'SVM__n_iter': 687}",0.7527472527472527,0.6923076923076923,0.75,0.7445054945054945,0.7582417582417582,0.7395604395604396,0.024038069070579513,61,0.8482142857142857,0.7747252747252747,0.8688186813186813,0.8667582417582418,0.8777472527472527,0.8472527472527472,0.03751433731476758
2.593799114227295,0.02640874597452625,0.016992521286010743,0.004154613480185804,3.1622776601683795e-09,0.7500000000000002,687,"{'SVM__alpha': 3.1622776601683795e-09, 'SVM__gamma_frac': 0.7500000000000002, 'SVM__n_iter': 687}",0.7747252747252747,0.6648351648351648,0.7115384615384616,0.7225274725274725,0.7527472527472527,0.7252747252747253,0.03754802101817559,81,0.8619505494505495,0.7163461538461539,0.7802197802197802,0.8406593406593407,0.8715659340659341,0.8141483516483516,0.05831136986534444
2.662617874145508,0.034089619530414526,0.014988851547241212,0.0012701822548742531,3.1622776601683795e-09,0.8500000000000002,687,"{'SVM__alpha': 3.1622776601683795e-09, 'SVM__gamma_frac': 0.8500000000000002, 'SVM__n_iter': 687}",0.6813186813186813,0.6538461538461539,0.7335164835164835,0.7197802197802198,0.7417582417582418,0.7060439560439561,0.03333132063319362,106,0.75,0.7239010989010989,0.8097527472527473,0.8358516483516484,0.8434065934065934,0.7925824175824177,0.04749848255160102
2.6620129108428956,0.03808597790045336,0.016394329071044923,0.003379047017874579,3.1622776601683795e-09,0.9500000000000002,687,"{'SVM__alpha': 3.1622776601683795e-09, 'SVM__gamma_frac': 0.9500000000000002, 'SVM__n_iter': 687}",0.6813186813186813,0.6785714285714286,0.7142857142857143,0.6538461538461539,0.7417582417582418,0.6939560439560439,0.03067095766363267,121,0.771978021978022,0.771978021978022,0.7582417582417582,0.679945054945055,0.8131868131868132,0.7590659340659339,0.04364242514793536
2.223110723495483,0.034356138536246784,0.015396213531494141,0.0010193654601491273,1e-09,0.05,687,"{'SVM__alpha': 1e-09, 'SVM__gamma_frac': 0.05, 'SVM__n_iter': 687}",0.8241758241758241,0.7967032967032966,0.7802197802197802,0.7252747252747253,0.8214285714285714,0.7895604395604395,0.036013120017964695,10,1.0,1.0,1.0,1.0,1.0,1.0,0.0
2.1843055725097655,0.03133915502282587,0.017193126678466796,0.004921601006456015,1e-09,0.15000000000000002,687,"{'SVM__alpha': 1e-09, 'SVM__gamma_frac': 0.15000000000000002, 'SVM__n_iter': 687}",0.8159340659340659,0.7884615384615384,0.771978021978022,0.75,0.8131868131868132,0.7879120879120879,0.024962234487034163,13,1.0,1.0,1.0,1.0,1.0,1.0,0.0
2.2175071239471436,0.022203980551976702,0.015198373794555664,0.0003920093503170052,1e-09,0.25000000000000006,687,"{'SVM__alpha': 1e-09, 'SVM__gamma_frac': 0.25000000000000006, 'SVM__n_iter': 687}",0.7857142857142857,0.7857142857142857,0.7857142857142857,0.7554945054945055,0.7884615384615384,0.7802197802197802,0.012408340429270566,22,1.0,1.0,1.0,1.0,1.0,1.0,0.0
2.3062038898468016,0.0426495621693365,0.01859431266784668,0.004632474735355883,1e-09,0.35000000000000003,687,"{'SVM__alpha': 1e-09, 'SVM__gamma_frac': 0.35000000000000003, 'SVM__n_iter': 687}",0.7582417582417582,0.7142857142857143,0.7664835164835165,0.7472527472527473,0.7747252747252747,0.7521978021978022,0.021023215900779112,53,0.9141483516483516,0.8090659340659341,1.0,0.9951923076923077,1.0,0.9436813186813187,0.0748204084949539
2.4423645973205566,0.020564452315528968,0.019193077087402345,0.005156236775960946,1e-09,0.45000000000000007,687,"{'SVM__alpha': 1e-09, 'SVM__gamma_frac': 0.45000000000000007, 'SVM__n_iter': 687}",0.7637362637362637,0.7527472527472527,0.7664835164835165,0.739010989010989,0.75,0.7543956043956044,0.009920587958938338,50,0.9313186813186813,0.9512362637362637,0.9217032967032966,0.9608516483516484,0.9223901098901099,0.9375,0.015811626968710628
2.5133848190307617,0.03886067227951638,0.014988231658935546,7.889313653026501e-06,1e-09,0.5500000000000002,687,"{'SVM__alpha': 1e-09, 'SVM__gamma_frac': 0.5500000000000002, 'SVM__n_iter': 687}",0.75,0.7307692307692307,0.7582417582417582,0.717032967032967,0.739010989010989,0.739010989010989,0.014432885205015048,62,0.8708791208791209,0.9004120879120879,0.8914835164835165,0.8770604395604396,0.8832417582417582,0.8846153846153847,0.010434136821336792
2.541388750076294,0.02666405378947511,0.014790582656860351,0.00040264772832875154,1e-09,0.6500000000000001,687,"{'SVM__alpha': 1e-09, 'SVM__gamma_frac': 0.6500000000000001, 'SVM__n_iter': 687}",0.7582417582417582,0.6895604395604396,0.7472527472527473,0.7307692307692307,0.6785714285714286,0.7208791208791209,0.031496506918607704,92,0.8756868131868132,0.7486263736263736,0.8585164835164835,0.8715659340659341,0.7836538461538461,0.82760989010989,0.051709325126476205
2.612210512161255,0.02712538205792118,0.014385128021240234,0.0004888904113284754,1e-09,0.7500000000000002,687,"{'SVM__alpha': 1e-09, 'SVM__gamma_frac': 0.7500000000000002, 'SVM__n_iter': 687}",0.7554945054945055,0.6483516483516484,0.7472527472527473,0.7197802197802198,0.6593406593406593,0.7060439560439561,0.044366218105904055,106,0.8399725274725275,0.7067307692307693,0.8434065934065934,0.8633241758241759,0.7300824175824175,0.7967032967032966,0.06484622274857557
2.626209783554077,0.023183355366628314,0.016789007186889648,0.004117043681505691,1e-09,0.8500000000000002,687,"{'SVM__alpha': 1e-09, 'SVM__gamma_frac': 0.8500000000000002, 'SVM__n_iter': 687}",0.7802197802197802,0.5576923076923077,0.7335164835164835,0.7335164835164835,0.6538461538461539,0.6917582417582417,0.07838870630809905,127,0.8221153846153846,0.5288461538461539,0.7925824175824175,0.8399725274725275,0.7321428571428571,0.743131868131868,0.11322631472237552
2.663610410690308,0.027109834569028254,0.015796470642089843,0.0021320816255502224,1e-09,0.9500000000000002,687,"{'SVM__alpha': 1e-09, 'SVM__gamma_frac': 0.9500000000000002, 'SVM__n_iter': 687}",0.7307692307692307,0.6483516483516484,0.7197802197802198,0.7142857142857143,0.6071428571428571,0.6840659340659341,0.048088695575914435,136,0.8152472527472527,0.728021978021978,0.7733516483516484,0.8228021978021978,0.6723901098901099,0.7623626373626373,0.05629354839902792
